INSERT INTO sjl_paises(
	id, nom, nac, moneda)
	VALUES (1, 'Afghanistan', 'Afgano', 'Afgani');

INSERT INTO sjl_paises(
	id, nom, nac, moneda)
	VALUES (2, 'Albania', 'Albanes', 'Lek');

INSERT INTO sjl_paises(
	id, nom, nac, moneda)
	VALUES (3, 'Alemania', 'Aleman', 'Euro');

INSERT INTO sjl_paises(
	id, nom, nac, moneda)
	VALUES (4, 'Arabia Saudita', 'Arabe', 'Riyal');

INSERT INTO sjl_paises(
	id, nom, nac, moneda)
	VALUES (5, 'Argelia', 'Argelino', 'Dinar');

INSERT INTO sjl_paises(
	id, nom, nac, moneda)
	VALUES (6, 'Armenia', 'Armenio', 'Dram');

INSERT INTO sjl_paises(
	id, nom, nac, moneda)
	VALUES (7, 'Australia', 'Australiano', 'Dolar');

INSERT INTO sjl_paises(
	id, nom, nac, moneda)
	VALUES (8, 'Austria', 'Austriaco', 'Euro');

INSERT INTO sjl_paises(
	id, nom, nac, moneda)
	VALUES (9, 'Belgica', 'Belga', 'Euro');

INSERT INTO sjl_paises(
	id, nom, nac, moneda)
	VALUES (10, 'Bolivia', 'Boliviano', 'Boliviano');

INSERT INTO sjl_paises(
	id, nom, nac, moneda)
	VALUES (11, 'Brasil', 'Brasileño', 'Real');

INSERT INTO sjl_paises(
	id, nom, nac, moneda)
	VALUES (12, 'Canada', 'Canadiense', 'Dolar');

INSERT INTO sjl_paises(
	id, nom, nac, moneda)
	VALUES (13, 'Chile', 'Chileno', 'Peso Chileno');

INSERT INTO sjl_paises(
	id, nom, nac, moneda)
	VALUES (14, 'China', 'Chino', 'Renminbi');

INSERT INTO sjl_paises(
	id, nom, nac, moneda)
	VALUES (15, 'Colombia', 'Colombiano', 'Peso Colombiano');

INSERT INTO sjl_paises(
	id, nom, nac, moneda)
	VALUES (16, 'Corea Del Sur', 'Coreano', 'Won');

INSERT INTO sjl_paises(
	id, nom, nac, moneda)
	VALUES (17, 'Costa Rica', 'Costarricense', 'Colon');

INSERT INTO sjl_paises(
	id, nom, nac, moneda)
	VALUES (18, 'Croacia', 'Croata', 'Kuna');

INSERT INTO sjl_paises(
	id, nom, nac, moneda)
	VALUES (19, 'Cuba', 'Cubano', 'Peso Cubano');

INSERT INTO sjl_paises(
	id, nom, nac, moneda)
	VALUES (20, 'Dinamarca', 'Danes', 'Corona');

INSERT INTO sjl_paises(
	id, nom, nac, moneda)
	VALUES (21, 'Ecuador', 'Ecuatoriano', 'Peso Ecuatoriano');

INSERT INTO sjl_paises(
	id, nom, nac, moneda)
	VALUES (22, 'Egipto', 'Egipcio', 'Libra Egipcia');

INSERT INTO sjl_paises(
	id, nom, nac, moneda)
	VALUES (23, 'El Salvador', 'Salvadoreño', 'Dolar');

INSERT INTO sjl_paises(
	id, nom, nac, moneda)
	VALUES (24, 'Eslovaquia', 'Eslovaco', 'Euro');

INSERT INTO sjl_paises(
	id, nom, nac, moneda)
	VALUES (25, 'Eslovenia', 'Esloveno', 'Euro');

INSERT INTO sjl_paises(
	id, nom, nac, moneda)
	VALUES (26, 'España', 'Español', 'Euro');

INSERT INTO sjl_paises(
	id, nom, nac, moneda)
	VALUES (27, 'Estados Unidos', 'Estadounidense', 'Dolar');

INSERT INTO sjl_paises(
	id, nom, nac, moneda)
	VALUES (28, 'Filipinas', 'Filipino', 'Peso Filipino');

INSERT INTO sjl_paises(
	id, nom, nac, moneda)
	VALUES (29, 'Finlandia', 'Finlandes', 'Euro');

INSERT INTO sjl_paises(
	id, nom, nac, moneda)
	VALUES (30, 'Francia', 'Frances', 'Euro');

INSERT INTO sjl_paises(
	id, nom, nac, moneda)
	VALUES (31, 'Grecia', 'Griego', 'Euro');

INSERT INTO sjl_paises(
	id, nom, nac, moneda)
	VALUES (32, 'Guatemala', 'Guatemalteco', 'Quetzal');

INSERT INTO sjl_paises(
	id, nom, nac, moneda)
	VALUES (33, 'Honduras', 'Hondureño', 'Lempira');

INSERT INTO sjl_paises(
	id, nom, nac, moneda)
	VALUES (34, 'Hungria', 'Hungaro', 'Euro');

INSERT INTO sjl_paises(
	id, nom, nac, moneda)
	VALUES (35, 'India', 'Indio', 'Rupia');

INSERT INTO sjl_paises(
	id, nom, nac, moneda)
	VALUES (36, 'Indonesia', 'Indoneso', 'Rupia Indonesa');

INSERT INTO sjl_paises(
	id, nom, nac, moneda)
	VALUES (37, 'Irlanda', 'Irlandes', 'Euro');

INSERT INTO sjl_paises(
	id, nom, nac, moneda)
	VALUES (38, 'Islandia', 'Islandes', 'Corona Islandesa');

INSERT INTO sjl_paises(
	id, nom, nac, moneda)
	VALUES (39, 'Italia', 'Italiano', 'Euro');

INSERT INTO sjl_paises(
	id, nom, nac, moneda)
	VALUES (40, 'Jamaica', 'Jamaiquino', 'Dolar Jamaiquino');

INSERT INTO sjl_paises(
	id, nom, nac, moneda)
	VALUES (41, 'Japon', 'Japones', 'Yen');

INSERT INTO sjl_paises(
	id, nom, nac, moneda)
	VALUES (42, 'Mexico', 'Mexicano', 'Peso Mexicano');

INSERT INTO sjl_paises(
	id, nom, nac, moneda)
	VALUES (43, 'Nueva Zelanda', 'Neozelandes', 'Dolar Neozelandes');

INSERT INTO sjl_paises(
	id, nom, nac, moneda)
	VALUES (44, 'Peru', 'Peruano', 'Sol');

INSERT INTO sjl_paises(
	id, nom, nac, moneda)
	VALUES (45, 'Polonia', 'Polaco', 'Zloty');

INSERT INTO sjl_paises(
	id, nom, nac, moneda)
	VALUES (46, 'Portugal', 'Portugues', 'Euro');

INSERT INTO sjl_paises(
	id, nom, nac, moneda)
	VALUES (47, 'Reino Unido', 'Ingles', 'Libra Esterlina');

INSERT INTO sjl_paises(
	id, nom, nac, moneda)
	VALUES (48, 'Rusia', 'Ruso', 'Rublo');

INSERT INTO sjl_paises(
	id, nom, nac, moneda)
	VALUES (49, 'Suecia', 'Sueco', 'Corona Sueca');

INSERT INTO sjl_paises(
	id, nom, nac, moneda)
	VALUES (50, 'Suiza', 'Suizo', 'Franco Suizo');

INSERT INTO sjl_paises(
	id, nom, nac, moneda)
	VALUES (51, 'Ucrania', 'Ucraniano', 'Grivna');

INSERT INTO sjl_paises(
	id, nom, nac, moneda)
	VALUES (52, 'Uruguay', 'Uruguayo', 'Peso Uruguayo');

INSERT INTO sjl_paises(
	id, nom, nac, moneda)
	VALUES (53, 'Venezuela', 'Venezolano', 'Bolivar Soberano');

/*-------------------------------------- CITIES -------------------------------------------*/

/*Afghanistan*/

INSERT INTO sjl_ciudades(id, nom, id_pais)
	VALUES (nextval('id_ciudad'), 'Badahšan', 1);

INSERT INTO sjl_ciudades(id, nom, id_pais)
	VALUES (nextval('id_ciudad'), 'Bādgīs', 1);

INSERT INTO sjl_ciudades(id, nom, id_pais)
	VALUES (nextval('id_ciudad'), 'Baġlān', 1);

INSERT INTO sjl_ciudades(id, nom, id_pais)
	VALUES (nextval('id_ciudad'), 'Balh', 1);

INSERT INTO sjl_ciudades(id, nom, id_pais)
	VALUES (nextval('id_ciudad'), 'Bāmiyān', 1);

/*Albania*/
INSERT INTO sjl_ciudades(id, nom, id_pais)
	VALUES (nextval('id_ciudad'), 'Tirana', 2);

/*Alemania*/

INSERT INTO sjl_ciudades(id, nom, id_pais)
	VALUES (nextval('id_ciudad'), 'Berlin', 3);

INSERT INTO sjl_ciudades(id, nom, id_pais)
	VALUES (nextval('id_ciudad'), 'Hamburgo', 3);

/*Arabia Saudita*/
INSERT INTO sjl_ciudades(id, nom, id_pais)
	VALUES (nextval('id_ciudad'), 'Yauf', 4);

INSERT INTO sjl_ciudades(id, nom, id_pais)
	VALUES (nextval('id_ciudad'), 'Tabuk', 4);

INSERT INTO sjl_ciudades(id, nom, id_pais)
	VALUES (nextval('id_ciudad'), 'Baha', 4);

INSERT INTO sjl_ciudades(id, nom, id_pais)
	VALUES (nextval('id_ciudad'), 'Jizan', 4);

INSERT INTO sjl_ciudades(id, nom, id_pais)
	VALUES (nextval('id_ciudad'), 'Riad', 4);

/*Argelia*/
INSERT INTO sjl_ciudades(id, nom, id_pais)
	VALUES (nextval('id_ciudad'), 'Bordj Bou Arréridj', 5);

INSERT INTO sjl_ciudades(id, nom, id_pais)
	VALUES (nextval('id_ciudad'), 'Souk Ahras', 5);

INSERT INTO sjl_ciudades(id, nom, id_pais)
	VALUES (nextval('id_ciudad'), 'Gardaya', 5);

INSERT INTO sjl_ciudades(id, nom, id_pais)
	VALUES (nextval('id_ciudad'), 'Relizan', 5);

INSERT INTO sjl_ciudades(id, nom, id_pais)
	VALUES (nextval('id_ciudad'), 'Adrar', 5);

/* Armenia */
INSERT INTO sjl_ciudades(id, nom, id_pais)
	VALUES (nextval('id_ciudad'), 'Armavir', 6);

INSERT INTO sjl_ciudades(id, nom, id_pais)
	VALUES (nextval('id_ciudad'), 'Kotayk', 6);

INSERT INTO sjl_ciudades(id, nom, id_pais)
	VALUES (nextval('id_ciudad'), 'Ararat', 6);

INSERT INTO sjl_ciudades(id, nom, id_pais)
	VALUES (nextval('id_ciudad'), 'Aragatsotn', 6);

INSERT INTO sjl_ciudades(id, nom, id_pais)
	VALUES (nextval('id_ciudad'), 'Lorri', 6);

/* Australia */
INSERT INTO sjl_ciudades(id, nom, id_pais)
	VALUES (nextval('id_ciudad'), 'Sydney', 7);

/* Austria */ 
INSERT INTO sjl_ciudades(id, nom, id_pais)
	VALUES (nextval('id_ciudad'), 'Vienna', 8);

/* Belgica */ 
INSERT INTO sjl_ciudades(id, nom, id_pais)
	VALUES (nextval('id_ciudad'), 'Bruselas', 9);

/* Bolivia */
INSERT INTO sjl_ciudades(id, nom, id_pais)
	VALUES (nextval('id_ciudad'), 'La Paz', 10);

/* Brasil */ 
INSERT INTO sjl_ciudades(id, nom, id_pais)
	VALUES (nextval('id_ciudad'), 'Rio de Janeiro', 11);

INSERT INTO sjl_ciudades(id, nom, id_pais)
	VALUES (nextval('id_ciudad'), 'Forteleza', 11);

/* Canada */
INSERT INTO sjl_ciudades(id, nom, id_pais)
	VALUES (nextval('id_ciudad'), 'Toronto', 12);

INSERT INTO sjl_ciudades(id, nom, id_pais)
	VALUES (nextval('id_ciudad'), 'Ottawa', 12);

/* Chile */
INSERT INTO sjl_ciudades(id, nom, id_pais)
	VALUES (nextval('id_ciudad'), 'Santiago', 13);

INSERT INTO sjl_ciudades(id, nom, id_pais)
	VALUES (nextval('id_ciudad'), 'Antofagasta', 13);

/* China */ 
INSERT INTO sjl_ciudades(id, nom, id_pais)
	VALUES (nextval('id_ciudad'), 'Shanghai', 14);

/* Colombia */
INSERT INTO sjl_ciudades(id, nom, id_pais)
	VALUES (nextval('id_ciudad'), 'Bogota', 15);

INSERT INTO sjl_ciudades(id, nom, id_pais)
	VALUES (nextval('id_ciudad'), 'Medellin', 15);

/* Corea del sur */
INSERT INTO sjl_ciudades(id, nom, id_pais)
	VALUES (nextval('id_ciudad'), 'Seul', 16);

/* Costa Rica */
INSERT INTO sjl_ciudades(id, nom, id_pais)
	VALUES (nextval('id_ciudad'), 'San Jose', 17);

/* Croacia */
INSERT INTO sjl_ciudades(id, nom, id_pais)
	VALUES (nextval('id_ciudad'), 'Zagreb', 18);

/* Cuba */
INSERT INTO sjl_ciudades(id, nom, id_pais)
	VALUES (nextval('id_ciudad'), 'La Habana', 19);

/* Dinamarca */
INSERT INTO sjl_ciudades(id, nom, id_pais)
	VALUES (nextval('id_ciudad'), 'Copenhague', 20);

/* Ecuador */
INSERT INTO sjl_ciudades(id, nom, id_pais)
	VALUES (nextval('id_ciudad'), 'Quito', 21);

/* Eslovaquia */
INSERT INTO sjl_ciudades(id, nom, id_pais)
	VALUES (nextval('id_ciudad'), 'Bratislava', 24);

/* Eslovenia */
INSERT INTO sjl_ciudades(id, nom, id_pais)
	VALUES (nextval('id_ciudad'), 'Liubliana', 25);

/* España */
INSERT INTO sjl_ciudades(id, nom, id_pais)
	VALUES (nextval('id_ciudad'), 'Madrid', 26);

INSERT INTO sjl_ciudades(id, nom, id_pais)
	VALUES (nextval('id_ciudad'), 'Barcelona', 26); 

INSERT INTO sjl_ciudades(id, nom, id_pais)
	VALUES (nextval('id_ciudad'), 'Sevilla', 26);

INSERT INTO sjl_ciudades(id, nom, id_pais)
	VALUES (nextval('id_ciudad'), 'Valencia', 26);

INSERT INTO sjl_ciudades(id, nom, id_pais)
	VALUES (nextval('id_ciudad'), 'Huelva', 26);

INSERT INTO sjl_ciudades(id, nom, id_pais)
	VALUES (nextval('id_ciudad'), 'Villarreal', 26);

/* Estados Unidos */
INSERT INTO sjl_ciudades(id, nom, id_pais)
	VALUES (nextval('id_ciudad'), 'California', 27);

INSERT INTO sjl_ciudades(id, nom, id_pais)
	VALUES (nextval('id_ciudad'), 'Lousiana', 27);

INSERT INTO sjl_ciudades(id, nom, id_pais)
	VALUES (nextval('id_ciudad'), 'Texas', 27);

INSERT INTO sjl_ciudades(id, nom, id_pais)
	VALUES (nextval('id_ciudad'), 'Alabama', 27);

/*----------------------------------- URBANIZACIONES Y CALLES --------------------------------------------------*/

INSERT INTO sjl_urbanizaciones(id, nom, id_ciudad)
	VALUES (nextval('id_urbanizacion'), 'Levante', (
	SELECT id FROM sjl_ciudades WHERE nom = 'Valencia'
));

INSERT INTO sjl_urbanizaciones(id, nom, id_ciudad)
	VALUES (nextval('id_urbanizacion'), 'New Orleans', (
	SELECT id FROM sjl_ciudades WHERE nom = 'Lousiana'
));

INSERT INTO sjl_urbanizaciones(id, nom, id_ciudad)
	VALUES (nextval('id_urbanizacion'), 'San Diego', (
	SELECT id FROM sjl_ciudades WHERE nom = 'California'
));

INSERT INTO sjl_urbanizaciones(id, nom, id_ciudad)
	VALUES (nextval('id_urbanizacion'), 'Calama', (
	SELECT id FROM sjl_ciudades WHERE nom = 'Antofagasta'
));

INSERT INTO sjl_urbanizaciones(id, nom, id_ciudad)
	VALUES (nextval('id_urbanizacion'), 'Lafayette', (
	SELECT id FROM sjl_ciudades WHERE nom = 'Lousiana'
));

INSERT INTO sjl_urbanizaciones(id, nom, id_ciudad)
	VALUES (nextval('id_urbanizacion'), 'Lake Charles', (
	SELECT id FROM sjl_ciudades WHERE nom = 'Lousiana'
));

INSERT INTO sjl_urbanizaciones(id, nom, id_ciudad)
	VALUES (nextval('id_urbanizacion'), 'Yosemite', (
	SELECT id FROM sjl_ciudades WHERE nom = 'California'
));

INSERT INTO sjl_urbanizaciones(id, nom, id_ciudad)
	VALUES (nextval('id_urbanizacion'), 'Austin', (
	SELECT id FROM sjl_ciudades WHERE nom = 'Texas'
));

/* STREETS */

INSERT INTO sjl_calles(id, nom, id_urb)
	VALUES (nextval('id_calle'), 'Audobon', (
	SELECT id FROM sjl_urbanizaciones WHERE nom = 'New Orleans'
));


INSERT INTO sjl_calles(id, nom, id_urb)
	VALUES (nextval('id_calle'), 'Dixon', (
	SELECT id FROM sjl_urbanizaciones WHERE nom = 'New Orleans'
));

INSERT INTO sjl_calles(id, nom, id_urb)
	VALUES (nextval('id_calle'), 'Paris', (
	SELECT id FROM sjl_urbanizaciones WHERE nom = 'New Orleans'
));

INSERT INTO sjl_calles(id, nom, id_urb)
	VALUES (nextval('id_calle'), 'Palmer park', (
	SELECT id FROM sjl_urbanizaciones WHERE nom = 'New Orleans'
));

INSERT INTO sjl_calles(id, nom, id_urb)
	VALUES (nextval('id_calle'), 'Paradise hills', (
	SELECT id FROM sjl_urbanizaciones WHERE nom = 'San Diego'
));

INSERT INTO sjl_calles(id, nom, id_urb)
	VALUES (nextval('id_calle'), 'Chula vista', (
	SELECT id FROM sjl_urbanizaciones WHERE nom = 'San Diego'
));

INSERT INTO sjl_calles(id, nom, id_urb)
	VALUES (nextval('id_calle'), 'San carlos', (
	SELECT id FROM sjl_urbanizaciones WHERE nom = 'San Diego'
));

INSERT INTO sjl_calles(id, nom, id_urb)
	VALUES (nextval('id_calle'), 'Almeria', (
	SELECT id FROM sjl_urbanizaciones WHERE nom = 'Levante'
));

INSERT INTO sjl_calles(id, nom, id_urb)
	VALUES (nextval('id_calle'), 'Murcia', (
	SELECT id FROM sjl_urbanizaciones WHERE nom = 'Levante'
));

/*------------------------------------ EDITORIALES ----------------------------------------------------------*/
INSERT INTO sjl_editoriales(
	id, nom, id_pais)
	VALUES (1, 'Random House', 26);

INSERT INTO sjl_editoriales(
	id, nom, id_pais)
	VALUES (2, 'HarperCollins', 27);

INSERT INTO sjl_editoriales(
	id, nom, id_pais)
	VALUES (3, 'Simon & Schuster', 27);

INSERT INTO sjl_editoriales(
	id, nom, id_pais)
	VALUES (4, 'Penguin Group', 27);

INSERT INTO sjl_editoriales(
	id, nom, id_pais)
	VALUES (5, 'Houghton Mifflin Harcourt', 27);

INSERT INTO sjl_editoriales(
	id, nom, id_pais)
	VALUES (6, 'Planeta', 26);

INSERT INTO sjl_editoriales(
	id, nom, id_pais)
	VALUES (7, 'Santillana', 26);

INSERT INTO sjl_editoriales(
	id, nom, id_pais)
	VALUES (8, 'Tirant Lo Blanch', 42);

INSERT INTO sjl_editoriales(
	id, nom, id_pais)
	VALUES (9, 'Marcial Pons', 26);

INSERT INTO sjl_editoriales(
	id, nom, id_pais)
	VALUES (10, 'Akal', 26);

INSERT INTO sjl_editoriales(
	id, nom, id_pais)
	VALUES (11, 'Collins Crime Club', 47);

INSERT INTO sjl_editoriales(
	id, nom, id_pais)
	VALUES (12, 'Scholastic Corporation', 27);

INSERT INTO sjl_editoriales(
	id, nom, id_pais)
	VALUES (13, 'Bompiani', 39);

INSERT INTO sjl_editoriales(
	id, nom, id_pais)
	VALUES (14, 'Macmillan Publishers', 47);

INSERT INTO sjl_editoriales(
	id, nom, id_pais)
	VALUES (15, 'Dutton', 47);

INSERT INTO sjl_editoriales(
	id, nom, id_pais)
	VALUES (16, 'Pocket Books', 27);

INSERT INTO sjl_editoriales(
	id, nom, id_pais)
	VALUES (17, 'Harvill Secker', 47);

INSERT INTO sjl_editoriales(
	id, nom, id_pais)
	VALUES (18, 'Charles Scribners Sons', 27);

INSERT INTO sjl_editoriales(
	id, nom, id_pais)
	VALUES (19, 'Chapmap & Hall', 47);

INSERT INTO sjl_editoriales(
	id, nom, id_pais)
	VALUES (20, 'Thomas Egerton', 47);

INSERT INTO sjl_editoriales(
	id, nom, id_pais)
	VALUES (21, 'Imperio ruso', 48);
	
INSERT INTO sjl_editoriales(
	id, nom, id_pais)
	VALUES (50, 'Otra', 27);

/*------------------------------------- GENEROS ---------------------------------------------------------*/

INSERT INTO sjl_subgeneros(
	id, nom, tipo, id_subg)
	VALUES (1, 'Novela', 'T', null);

INSERT INTO sjl_subgeneros(
	id, nom, tipo, id_subg)
	VALUES (2, 'Relato', 'T', null);

INSERT INTO sjl_subgeneros(
	id, nom, tipo, id_subg)
	VALUES (3, 'Ensayo', 'T', null);

INSERT INTO sjl_subgeneros(
	id, nom, tipo, id_subg)
	VALUES (4, 'Poesía', 'T', null);

/* SUBGENEROS */

INSERT INTO sjl_subgeneros(
	id, nom, tipo, id_subg)
	VALUES (5, 'Novela de Fantasia', 'SG', 1);

INSERT INTO sjl_subgeneros(
	id, nom, tipo, id_subg)
	VALUES (6, 'Novela de Aventura', 'SG', 1);

INSERT INTO sjl_subgeneros(
	id, nom, tipo, id_subg)
	VALUES (7, 'Novela de Autoficcion', 'SG', 1);

INSERT INTO sjl_subgeneros(
	id, nom, tipo, id_subg)
	VALUES (8, 'Novela Policiaca', 'SG', 1);

INSERT INTO sjl_subgeneros(
	id, nom, tipo, id_subg)
	VALUES (9, 'Novela Historica', 'SG', 1);

INSERT INTO sjl_subgeneros(
	id, nom, tipo, id_subg)
	VALUES (22, 'Novela Belica', 'SG', 1);

INSERT INTO sjl_subgeneros(
	id, nom, tipo, id_subg)
	VALUES (23, 'Novela Epistolar', 'SG', 1);

INSERT INTO sjl_subgeneros(
	id, nom, tipo, id_subg)
	VALUES (24, 'Novela Politica', 'SG', 1);

INSERT INTO sjl_subgeneros(
	id, nom, tipo, id_subg)
	VALUES (25, 'Novela de Ciencia Ficcion', 'SG', 1);

INSERT INTO sjl_subgeneros(
	id, nom, tipo, id_subg)
	VALUES (26, 'Novela de Aprendizaje', 'SG', 1);

INSERT INTO sjl_subgeneros(
	id, nom, tipo, id_subg)
	VALUES (27, 'Novela Psicologica', 'SG', 1);

INSERT INTO sjl_subgeneros(
	id, nom, tipo, id_subg)
	VALUES (28, 'Novela Rosa', 'SG', 1);

INSERT INTO sjl_subgeneros(
	id, nom, tipo, id_subg)
	VALUES (10, 'Cuento de Hadas', 'SG', 2);

INSERT INTO sjl_subgeneros(
	id, nom, tipo, id_subg)
	VALUES (11, 'Relato Moderno', 'SG', 2);

INSERT INTO sjl_subgeneros(
	id, nom, tipo, id_subg)
	VALUES (12, 'Microrrelato', 'SG', 2);

INSERT INTO sjl_subgeneros(
	id, nom, tipo, id_subg)
	VALUES (13, 'Estructura de Aforismos', 'SG', 2);

INSERT INTO sjl_subgeneros(
	id, nom, tipo, id_subg)
	VALUES (14, 'Cuento', 'SG', 2);

INSERT INTO sjl_subgeneros(
	id, nom, tipo, id_subg)
	VALUES (15, 'Cronica', 'SG', 2);

INSERT INTO sjl_subgeneros(
	id, nom, tipo, id_subg)
	VALUES (16, 'Cancion', 'SG', 4);

INSERT INTO sjl_subgeneros(
	id, nom, tipo, id_subg)
	VALUES (17, 'Elegia', 'SG', 4);

INSERT INTO sjl_subgeneros(
	id, nom, tipo, id_subg)
	VALUES (18, 'Oda', 'SG', 4);

INSERT INTO sjl_subgeneros(
	id, nom, tipo, id_subg)
	VALUES (19, 'Satira', 'SG', 4);

INSERT INTO sjl_subgeneros(
	id, nom, tipo, id_subg)
	VALUES (20, 'Ensayo Psicologico', 'SG', 3);

INSERT INTO sjl_subgeneros(
	id, nom, tipo, id_subg)
	VALUES (21, 'Ensayo Social', 'SG', 3);

/*------------------------------------- INSTITUCIONES ---------------------------------------------------------------*/

INSERT INTO sjl_instituciones(
	nom, tipo, id_ciudad)
	VALUES ('One Zillion Cats', 'A', (
        SELECT id from sjl_ciudades WHERE nom = 'Zagreb'
    ));

INSERT INTO sjl_instituciones(
	nom, tipo, id_ciudad)
	VALUES ('Taking Back Spring', 'E', (
        SELECT id from sjl_ciudades WHERE nom = 'Berlin'
    ));

INSERT INTO sjl_instituciones(
	nom, tipo, id_ciudad)
	VALUES ('Les Stat', 'OT', (
        SELECT id from sjl_ciudades WHERE nom = 'California'
    ));

INSERT INTO sjl_instituciones(
	nom, tipo, id_ciudad)
	VALUES ('Doomshop', 'O', (
        SELECT id from sjl_ciudades WHERE nom = 'California'
    ));

INSERT INTO sjl_instituciones(
	nom, tipo, id_ciudad)
	VALUES ('John Tracy', 'A', (
        SELECT id from sjl_ciudades WHERE nom = 'Tirana'
    ));

/*----------------------------------------- LANGUAGES --------------------------------------------------------*/

INSERT INTO sjl_idiomas(
	id, nom)
	VALUES (nextval('id_idioma'), 'Ingles');

INSERT INTO sjl_idiomas(
	id, nom)
	VALUES (nextval('id_idioma'), 'Español');

INSERT INTO sjl_idiomas(
	id, nom)
	VALUES (nextval('id_idioma'), 'Frances');

INSERT INTO sjl_idiomas(
	id, nom)
	VALUES (nextval('id_idioma'), 'Arabe');

INSERT INTO sjl_idiomas(
	id, nom)
	VALUES (nextval('id_idioma'), 'Aleman');

INSERT INTO sjl_idiomas(
	id, nom)
	VALUES (nextval('id_idioma'), 'Chino');

INSERT INTO sjl_idiomas(
	id, nom)
	VALUES (nextval('id_idioma'), 'Japones');

INSERT INTO sjl_idiomas(
	id, nom)
	VALUES (nextval('id_idioma'), 'Coreano');

INSERT INTO sjl_idiomas(
	id, nom)
	VALUES (nextval('id_idioma'), 'Albanes');

INSERT INTO sjl_idiomas(
	id, nom)
	VALUES (nextval('id_idioma'), 'Idioma indigena');

INSERT INTO sjl_idiomas(
	id, nom)
	VALUES (nextval('id_idioma'), 'Otro');

/*----------------------------------------------- REPRESENTANTE -----------------------------------------------*/

INSERT INTO sjl_representantes(
	doc_iden, nom1, nom2, ape1, ape2, fec_nac, id_dir)
	VALUES (48291, 'Ellen', null, 'Cahill', 'Q', '08-08-1995', 1);

INSERT INTO sjl_representantes(
	doc_iden, nom1, nom2, ape1, ape2, fec_nac, id_dir)
	VALUES (48131, 'Kyle', null, 'Grillman', 'Q', '08-01-1999', 2);

INSERT INTO sjl_representantes(
	doc_iden, nom1, nom2, ape1, ape2, fec_nac, id_dir)
	VALUES (78192, 'Ivan', null, 'Camilo', 'Q', '01-01-2000', 2);

INSERT INTO sjl_representantes(
	doc_iden, nom1, nom2, ape1, ape2, fec_nac, id_dir)
	VALUES (78212, 'Fausto', null, 'Chavez', 'Q', '04-17-2000', 2);

INSERT INTO sjl_representantes(
	doc_iden, nom1, nom2, ape1, ape2, fec_nac, id_dir)
	VALUES (18232, 'Edward', null, 'Meyer', 'Q', '07-17-1991', 2);

INSERT INTO sjl_representantes(
	doc_iden, nom1, nom2, ape1, ape2, fec_nac, id_dir)
	VALUES (83919, 'Will', null, 'Schumascher', 'Q', '01-21-1992', 2);

INSERT INTO sjl_representantes(
	doc_iden, nom1, nom2, ape1, ape2, fec_nac, id_dir)
	VALUES (84288, 'Felix', null, 'Ivanov', 'Gonzalez', '02-21-1996', 2);

INSERT INTO sjl_representantes(
	doc_iden, nom1, nom2, ape1, ape2, fec_nac, id_dir)
	VALUES (49281, 'Igor', null, 'Chavez', 'Porras', '02-21-1976', 2);

/*-------------------------------------------- CLUBS ------------------------------------------------------------*/

INSERT INTO sjl_clubes_lectura(
	nom, fec_crea, cuota, id_dir, id_idiom)
	VALUES ('Brandy Book Club', '08-07-2018', 100, (
        SELECT id from sjl_calles WHERE nom = 'Audobon'
    ), (
        SELECT id from sjl_idiomas WHERE nom = 'Arabe'
    ));

INSERT INTO sjl_clubes_lectura(
	nom, fec_crea, cuota, id_dir, id_idiom, id_inst)
	VALUES ('Snow Leopards', '11-30-2015', 0, (
        SELECT id from sjl_calles WHERE nom = 'Audobon'
    ), (
        SELECT id from sjl_idiomas WHERE nom = 'Arabe'
    ),(
        SELECT id from sjl_instituciones WHERE nom = 'Doomshop'
    ));

INSERT INTO sjl_clubes_lectura(
	nom, fec_crea, cuota, id_dir, id_idiom, id_inst)
	VALUES ('First of the Year', '03-27-2017', 0, (
        SELECT id from sjl_calles WHERE nom = 'Paradise hills'
    ), (
        SELECT id from sjl_idiomas WHERE nom = 'Ingles'
    ),(
        SELECT id from sjl_instituciones WHERE nom = 'Doomshop'
    ));

INSERT INTO sjl_clubes_lectura(
	nom, fec_crea, cuota, id_dir, id_idiom)
	VALUES ('Dollars', '03-27-2017', 0, (
        SELECT id from sjl_calles WHERE nom = 'Murcia'
    ), (
        SELECT id from sjl_idiomas WHERE nom = 'Español'
    ));

INSERT INTO sjl_clubes_lectura(
	nom, fec_crea, cuota, id_dir, id_idiom)
	VALUES ('LY', '08-27-2019', 0, (
        SELECT id from sjl_calles WHERE nom = 'Almeria'
    ), (
        SELECT id from sjl_idiomas WHERE nom = 'Español'
    ));

/*----------------------------------------- GROUPS -----------------------------------------------------*/

INSERT INTO sjl_grupos_lectura(
	id, id_club, nom, tipo, dia_sem, hora_i, hora_f)
	VALUES (1, 1, 'Nohidea', 'A', 2, '13:00:00', '15:00:00');

INSERT INTO sjl_grupos_lectura(
	id, id_club, nom, tipo, dia_sem, hora_i, hora_f)
	VALUES (2, 1, 'Novo Armor', 'J', 5, '11:00:00', '13:00:00');

INSERT INTO sjl_grupos_lectura(
	id, id_club, nom, tipo, dia_sem, hora_i, hora_f)
	VALUES (3, 1, 'MAPO Fan Club', 'A', 4, '14:00:00', '16:00:00');

INSERT INTO sjl_grupos_lectura(
	id, id_club, nom, tipo, dia_sem, hora_i, hora_f)
	VALUES (4, 1, 'G#', 'A', 4, '09:00:00', '11:00:00');

INSERT INTO sjl_grupos_lectura(
	id, id_club, nom, tipo, dia_sem, hora_i, hora_f)
	VALUES (5, 1, 'SchemaPosse', 'N', 2, '11:00:00', '13:00:00');

INSERT INTO sjl_grupos_lectura(
	id, id_club, nom, tipo, dia_sem, hora_i, hora_f)
	VALUES (6, 2, 'Infinity', 'N', 2, '10:00:00', '12:00:00');

INSERT INTO sjl_grupos_lectura(
	id, id_club, nom, tipo, dia_sem, hora_i, hora_f)
	VALUES (7, 2, 'Doomshop', 'A', 4, '13:00:00', '15:00:00');

INSERT INTO sjl_grupos_lectura(
	id, id_club, nom, tipo, dia_sem, hora_i, hora_f)
	VALUES (8, 2, 'Killer Bees', 'J', 3, '08:00:00', '10:00:00');

INSERT INTO sjl_grupos_lectura(
	id, id_club, nom, tipo, dia_sem, hora_i, hora_f)
	VALUES (9, 2, 'The Coven', 'J', 2, '10:00:00', '12:00:00');

INSERT INTO sjl_grupos_lectura(
	id, id_club, nom, tipo, dia_sem, hora_i, hora_f)
	VALUES (10, 2, 'Fire Emblem', 'J', 2, '08:00:00', '10:00:00');

INSERT INTO sjl_grupos_lectura(
	id, id_club, nom, tipo, dia_sem, hora_i, hora_f)
	VALUES (11, 3, 'Russian Doomers', 'A', 5, '15:00:00', '17:00:00');

INSERT INTO sjl_grupos_lectura(
	id, id_club, nom, tipo, dia_sem, hora_i, hora_f)
	VALUES (12, 3, 'El Perla Negra', 'J', 4, '15:00:00', '17:00:00');

INSERT INTO sjl_grupos_lectura(
	id, id_club, nom, tipo, dia_sem, hora_i, hora_f)
	VALUES (13, 3, 'Akoza', 'N', 4, '14:00:00', '16:00:00');

INSERT INTO sjl_grupos_lectura(
	id, id_club, nom, tipo, dia_sem, hora_i, hora_f)
	VALUES (14, 3, 'Axius Link', 'A', 4, '12:00:00', '14:00:00');

INSERT INTO sjl_grupos_lectura(
	id, id_club, nom, tipo, dia_sem, hora_i, hora_f)
	VALUES (15, 3, 'Dori Me', 'J', 2, '12:00:00', '14:00:00');

INSERT INTO sjl_grupos_lectura(
	id, id_club, nom, tipo, dia_sem, hora_i, hora_f)
	VALUES (16, 4, 'Bepis', 'A', 3, '08:00:00', '10:00:00');

INSERT INTO sjl_grupos_lectura(
	id, id_club, nom, tipo, dia_sem, hora_i, hora_f)
	VALUES (17, 4, 'Peña Española', 'N', 2, '07:00:00', '09:00:00');

INSERT INTO sjl_grupos_lectura(
	id, id_club, nom, tipo, dia_sem, hora_i, hora_f)
	VALUES (18, 4, 'Señoras del Cafetal', 'N', 4, '10:00:00', '12:00:00');

INSERT INTO sjl_grupos_lectura(
	id, id_club, nom, tipo, dia_sem, hora_i, hora_f)
	VALUES (19, 4, 'Notepad Programmers', 'J', 3, '13:00:00', '15:00:00');

INSERT INTO sjl_grupos_lectura(
	id, id_club, nom, tipo, dia_sem, hora_i, hora_f)
	VALUES (20, 4, 'Secret DooR?', 'A', 4, '15:00:00', '17:00:00');

INSERT INTO sjl_grupos_lectura(
	id, id_club, nom, tipo, dia_sem, hora_i, hora_f)
	VALUES (21, 5, 'Power Ranger Rojo', 'J', 4, '11:00:00', '13:00:00');

INSERT INTO sjl_grupos_lectura(
	id, id_club, nom, tipo, dia_sem, hora_i, hora_f)
	VALUES (22, 5, 'Book Row', 'N', 2, '09:00:00', '11:00:00');

INSERT INTO sjl_grupos_lectura(
	id, id_club, nom, tipo, dia_sem, hora_i, hora_f)
	VALUES (23, 5, 'Happy Team', 'A', 2, '07:00:00', '09:00:00');

INSERT INTO sjl_grupos_lectura(
	id, id_club, nom, tipo, dia_sem, hora_i, hora_f)
	VALUES (24, 5, 'Windows 96', 'N', 5, '15:00:00', '17:00:00');

INSERT INTO sjl_grupos_lectura(
	id, id_club, nom, tipo, dia_sem, hora_i, hora_f)
	VALUES (25, 5, 'Macintosh Plus', 'A', 5, '13:00:00', '15:00:00');

/*------------------------------------------ BOOKS ---------------------------------------------------*/

INSERT INTO sjl_libros(
	isbn, titulo_esp, titulo_ori, tema_princ, sinop, n_pag, fec_pub, autor, id_prev, id_edit)
	VALUES (78525, 'En el nombre de la rosa', 'Il nome della rosa', 
    'El nombre de la rosa tiene dos tramas paralelas que transcurren dentro de la misma Abadía.',
    'La historia nos es contada en primera persona por Adso, el amanuense y discípulo de Guillermo de Baskerville. Una serie de asesinatos de monjes y la labor detectivesca de Guillermo por descubrir al autor y por otro lado se produce en la Abadía reuniones con el fin de debatir sobre la marcha de la Orden franciscana y de la Iglesia.', 
    512, '01-01-1980', 'Umberto Eco', null, 13);

INSERT INTO sjl_estructuras_libros(
	id_lib, nom, tipo, titulo)
	VALUES (78525, 'Prefacio', 'O', null);

INSERT INTO sjl_secciones_libros(
	nom, num, titulo, id_est, id_lib)
	VALUES ('Prefacio', 1, null, (
        SELECT id from sjl_estructuras_libros WHERE nom = 'Prefacio' AND id_lib = 78525
    ), 78525);

INSERT INTO sjl_generos_libros(
	id_gen, id_lib)
	VALUES (1, 78525);

INSERT INTO sjl_generos_libros(
	id_gen, id_lib)
	VALUES (9, 78525);

INSERT INTO sjl_libros(
	isbn, titulo_esp, titulo_ori, tema_princ, sinop, n_pag, fec_pub, autor, id_prev, id_edit)
	VALUES (99876, 'Los diez negritos', 'And Then There Were None', 
    'Asesinatos', 
    'Ocho personas —el juez Lawrence Wargrave, la institutriz Vera Claythorne, el aventurero Philip Lombard, el general retirado John MacArthur, la solterona Emily Brent, el playboy Anthony Marston, el doctor Edward Armstrong y el detective privado y expolicía William Blore— reciben una invitación para pasar unas vacaciones en la isla del Negro.​ Esta isla se encuentra en la costa inglesa, en la región de Devon.',
    165, '11-06-1993', 'Agatha Christie', null, 11);

INSERT INTO sjl_generos_libros(
	id_gen, id_lib)
	VALUES (1, 99876);

INSERT INTO sjl_generos_libros(
	id_gen, id_lib)
	VALUES (8, 99876);

INSERT INTO sjl_estructuras_libros(
	id_lib, nom, tipo, titulo)
	VALUES (99876, 'Capitulo 1', 'C', null);

INSERT INTO sjl_secciones_libros(
	nom, num, titulo, id_est, id_lib)
	VALUES ('Capitulo 1', 1, null, (
        SELECT id from sjl_estructuras_libros WHERE nom = 'Capitulo 1' AND id_lib = 99876
    ), 99876);

INSERT INTO sjl_estructuras_libros(
	id_lib, nom, tipo, titulo)
	VALUES (99876, 'Capitulo 2', 'C', null);

INSERT INTO sjl_secciones_libros(
	nom, num, titulo, id_est, id_lib)
	VALUES ('Capitulo 2', 2, null, (
        SELECT id from sjl_estructuras_libros WHERE nom = 'Capitulo 2' AND id_lib = 99876
    ), 99876);

INSERT INTO sjl_estructuras_libros(
	id_lib, nom, tipo, titulo)
	VALUES (99876, 'Capitulo 3', 'C', null);

INSERT INTO sjl_secciones_libros(
	nom, num, titulo, id_est, id_lib)
	VALUES ('Capitulo 3', 3, null, (
        SELECT id from sjl_estructuras_libros WHERE nom = 'Capitulo 3' AND id_lib = 99876
    ), 99876);

INSERT INTO sjl_estructuras_libros(
	id_lib, nom, tipo, titulo)
	VALUES (99876, 'Capitulo 4', 'C', null);

INSERT INTO sjl_secciones_libros(
	nom, num, titulo, id_est, id_lib)
	VALUES ('Capitulo 4', 4, null, (
        SELECT id from sjl_estructuras_libros WHERE nom = 'Capitulo 4' AND id_lib = 99876
    ), 99876);

INSERT INTO sjl_estructuras_libros(
	id_lib, nom, tipo, titulo)
	VALUES (99876, 'Capitulo 5', 'C', null);

INSERT INTO sjl_secciones_libros(
	nom, num, titulo, id_est, id_lib)
	VALUES ('Capitulo 5', 5, null, (
        SELECT id from sjl_estructuras_libros WHERE nom = 'Capitulo 5' AND id_lib = 99876
    ), 99876);

INSERT INTO sjl_estructuras_libros(
	id_lib, nom, tipo, titulo)
	VALUES (99876, 'Capitulo 6', 'C', null);

INSERT INTO sjl_secciones_libros(
	nom, num, titulo, id_est, id_lib)
	VALUES ('Capitulo 6', 6, null, (
        SELECT id from sjl_estructuras_libros WHERE nom = 'Capitulo 6' AND id_lib = 99876
    ), 99876);

INSERT INTO sjl_estructuras_libros(
	id_lib, nom, tipo, titulo)
	VALUES (99876, 'Capitulo 7', 'C', null);

INSERT INTO sjl_secciones_libros(
	nom, num, titulo, id_est, id_lib)
	VALUES ('Capitulo 7', 7, null, (
        SELECT id from sjl_estructuras_libros WHERE nom = 'Capitulo 7' AND id_lib = 99876
    ), 99876);

INSERT INTO sjl_estructuras_libros(
	id_lib, nom, tipo, titulo)
	VALUES (99876, 'Capitulo 8', 'C', null);

INSERT INTO sjl_secciones_libros(
	nom, num, titulo, id_est, id_lib)
	VALUES ('Capitulo 8', 8, null, (
        SELECT id from sjl_estructuras_libros WHERE nom = 'Capitulo 8' AND id_lib = 99876
    ), 99876);

INSERT INTO sjl_estructuras_libros(
	id_lib, nom, tipo, titulo)
	VALUES (99876, 'Capitulo 9', 'C', null);

INSERT INTO sjl_secciones_libros(
	nom, num, titulo, id_est, id_lib)
	VALUES ('Capitulo 9', 9, null, (
        SELECT id from sjl_estructuras_libros WHERE nom = 'Capitulo 9' AND id_lib = 99876
    ), 99876);

INSERT INTO sjl_estructuras_libros(
	id_lib, nom, tipo, titulo)
	VALUES (99876, 'Capitulo 10', 'C', null);

INSERT INTO sjl_secciones_libros(
	nom, num, titulo, id_est, id_lib)
	VALUES ('Capitulo 10', 10, null, (
        SELECT id from sjl_estructuras_libros WHERE nom = 'Capitulo 10' AND id_lib = 99876
    ), 99876);

INSERT INTO sjl_libros(
	isbn, titulo_esp, titulo_ori, tema_princ, sinop, n_pag, fec_pub, autor, id_prev, id_edit)
	VALUES (79561, 'Asesinato en el Orient Express', 'Murder in the Calais Coach', 'Durante el viaje, uno de los pasajeros, Mr. Ratchett, un millonario estadounidense, dice a Poirot que su vida está en peligro. Le muestra una pequeña pistola que lleva siempre consigo para protegerse.', 
    'El famoso detective privado Hércules Poirot regresa al Reino Unido a bordo del Orient Express desde Estambul. En esa época del año, en pleno invierno, el tren suele ir casi vacío, pero en esa ocasión va inusualmente lleno y Poirot solo consigue una litera gracias a su amigo monsieur Bouc, director de la Compagnie Internationale des Wagons-Lits. Cuando un tal Sr. Harris no se presenta, Poirot ocupa su lugar, junto a un joven estadounidense llamado Héctor MacQueen. La segunda noche, Poirot consigue un compartimento para él solo, que le cede monsieur Bouc.',
    256, '01-01-1934', 'Agatha Christie', null, 11);
INSERT INTO sjl_generos_libros(
	id_gen, id_lib)
	VALUES (1, 79561);

INSERT INTO sjl_generos_libros(
	id_gen, id_lib)
	VALUES (8, 79561);
INSERT INTO sjl_estructuras_libros(
	id_lib, nom, tipo, titulo)
	VALUES (79561, 'Primera parte', 'C', null);

INSERT INTO sjl_secciones_libros(
	nom, num, titulo, id_est, id_lib)
	VALUES ('Capitulo primero', 10, 'El pasajero de Taurus Express', (
        SELECT id from sjl_estructuras_libros WHERE nom = 'Primera parte' AND id_lib = 79561
    ), 79561);

INSERT INTO sjl_libros(
	isbn, titulo_esp, titulo_ori, tema_princ, sinop, n_pag, fec_pub, autor, id_prev, id_edit)
	VALUES (56987, 'La caída de los gigantes', 'The fall of giants', 'Guerra', 
    'La acción transcurre entre el 22 de junio de 1911, día en que fue coronado Jorge V en la abadía de Westminster, y finales de 1924, varios años después de finalizar la I Guerra Mundial. Se mezclan personajes históricos reales como el propio Rey Jorge V, Sir Edward Grey (secretario del Foreign Office) y Winston Churchill, con otros de ficción como Billy Williams, que trabaja desde los 13 años en las minas de carbón de Gales, y su padre David Williams destacado miembro del sindicato minero. ', 
    1017, '09-28-2010', 'Ken Follet', null, 14);
INSERT INTO sjl_generos_libros(
	id_gen, id_lib)
	VALUES (1, 56987);

INSERT INTO sjl_generos_libros(
	id_gen, id_lib)
	VALUES (9, 56987);
INSERT INTO sjl_estructuras_libros(
	id_lib, nom, tipo, titulo)
	VALUES (56987, 'Prologo', 'O', 'Iniciacion');

INSERT INTO sjl_secciones_libros(
	nom, num, titulo, id_est, id_lib)
	VALUES ('Prologo', 1, null, (
        SELECT id from sjl_estructuras_libros WHERE nom = 'Prologo' AND id_lib = 56987
    ), 56987);

INSERT INTO sjl_estructuras_libros(
	id_lib, nom, tipo, titulo)
	VALUES (56987, '2', 'C', null);

INSERT INTO sjl_secciones_libros(
	nom, num, titulo, id_est, id_lib)
	VALUES ('Enero de 1914', 2, null, (
        SELECT id from sjl_estructuras_libros WHERE nom = '2' AND id_lib = 56987
    ), 56987);

INSERT INTO sjl_libros(
	isbn, titulo_esp, titulo_ori, tema_princ, sinop, n_pag, fec_pub, autor, id_prev, id_edit)
	VALUES (68821, 'El invierno del mundo', 'Winter of the world', 'Guerra', 
    'En 1933, Berlín es un foco de agitación política y social. Lady Maud, ahora la esposa de Walter von Ulrich y madre de dos hijos, publica artículos en una revista semanal que ridiculizan al partido nazi mientras su marido manifiesta su oposición en el gobierno. Sin embargo, parece que nada podrá frenar el poder ascendente del canciller Adolf Hitler. Cuando Maud recibe la visita de Ethel Williams y su hijo Lloyd, todos serán testigos de la tiranía y la represión de la nueva Alemania. El reino del Tercer Reich se extenderá hasta Francia y más allá de la frontera rusa. '
    , 940, '09-18-2012', 'Ken Follet', 56987, 14);

INSERT INTO sjl_generos_libros(
	id_gen, id_lib)
	VALUES (1, 68821);

INSERT INTO sjl_generos_libros(
	id_gen, id_lib)
	VALUES (22, 68821);

INSERT INTO sjl_estructuras_libros(
	id_lib, nom, tipo, titulo)
	VALUES (68821, 'Prefacio', 'O', null);

INSERT INTO sjl_secciones_libros(
	nom, num, titulo, id_est, id_lib)
	VALUES ('Prefacio', 1, null, (
        SELECT id from sjl_estructuras_libros WHERE nom = 'Prefacio' AND id_lib = 68821
    ), 68821);

INSERT INTO sjl_libros(
	isbn, titulo_esp, titulo_ori, tema_princ, sinop, n_pag, fec_pub, autor, id_prev, id_edit)
	VALUES (02145, 'Las ventajas de ser invisible', 'The Perks of Being a Wallflower', 
    'Charlie (Logan Lerman) es un estudiante del primer año de preparatoria. Es muy introvertido y lento haciendo amigos, termina haciéndose amigo de su profesor de literatura',
    'Charlie, un adolescente de 15 años, está a punto de comenzar su primer año de preparatoria en una nueva escuela. Su mejor amigo, Michael, se había suicidado un mes antes de que comenzara la narrativa. En un intento de lidiar con la muerte de su amigo, así como su ansiedad causada por el hecho de tener que asistir a la preparatoria solo',
    213, '02-01-1999', 'Stephen Chbosky', null, 16);

INSERT INTO sjl_generos_libros(
	id_gen, id_lib)
	VALUES (1, 02145);

INSERT INTO sjl_generos_libros(
	id_gen, id_lib)
	VALUES (23, 02145);

INSERT INTO sjl_estructuras_libros(
	id_lib, nom, tipo, titulo)
	VALUES (02145, 'Parte 1', 'O', null);

INSERT INTO sjl_secciones_libros(
	nom, num, titulo, id_est, id_lib)
	VALUES ('25 de agosto de 1991', 1, null, (
        SELECT id from sjl_estructuras_libros WHERE nom = 'Parte 1' AND id_lib = 02145
    ), 02145);

INSERT INTO sjl_secciones_libros(
	nom, num, titulo, id_est, id_lib)
	VALUES ('7 de septiembre de 1991', 2, null, (
        SELECT id from sjl_estructuras_libros WHERE nom = 'Parte 1' AND id_lib = 02145
    ), 02145);

INSERT INTO sjl_secciones_libros(
	nom, num, titulo, id_est, id_lib)
	VALUES ('11 de septiembre de 1991', 3, null, (
        SELECT id from sjl_estructuras_libros WHERE nom = 'Parte 1' AND id_lib = 02145
    ), 02145);

INSERT INTO sjl_secciones_libros(
	nom, num, titulo, id_est, id_lib)
	VALUES ('16 de septiembre de 1991', 4, null, (
        SELECT id from sjl_estructuras_libros WHERE nom = 'Parte 1' AND id_lib = 02145
    ), 02145);

INSERT INTO sjl_secciones_libros(
	nom, num, titulo, id_est, id_lib)
	VALUES ('18 de septiembre de 1991', 5, null, (
        SELECT id from sjl_estructuras_libros WHERE nom = 'Parte 1' AND id_lib = 02145
    ), 02145);

INSERT INTO sjl_secciones_libros(
	nom, num, titulo, id_est, id_lib)
	VALUES ('29 de septiembre de 1991', 6, null, (
        SELECT id from sjl_estructuras_libros WHERE nom = 'Parte 1' AND id_lib = 02145
    ), 02145);

INSERT INTO sjl_secciones_libros(
	nom, num, titulo, id_est, id_lib)
	VALUES ('6 de Octubre de 1991', 7, null, (
        SELECT id from sjl_estructuras_libros WHERE nom = 'Parte 1' AND id_lib = 02145
    ), 02145);

INSERT INTO sjl_secciones_libros(
	nom, num, titulo, id_est, id_lib)
	VALUES ('14 de Octubre de 1991', 8, null, (
        SELECT id from sjl_estructuras_libros WHERE nom = 'Parte 1' AND id_lib = 02145
    ), 02145);

INSERT INTO sjl_secciones_libros(
	nom, num, titulo, id_est, id_lib)
	VALUES ('15 de Octubre de 1991', 9, null, (
        SELECT id from sjl_estructuras_libros WHERE nom = 'Parte 1' AND id_lib = 02145
    ), 02145);

INSERT INTO sjl_secciones_libros(
	nom, num, titulo, id_est, id_lib)
	VALUES ('28 de Octubre de 1991', 10, null, (
        SELECT id from sjl_estructuras_libros WHERE nom = 'Parte 1' AND id_lib = 02145
    ), 02145);

INSERT INTO sjl_libros(
	isbn, titulo_esp, titulo_ori, tema_princ, sinop, n_pag, fec_pub, autor, id_prev, id_edit)
	VALUES (89986, '100 años de Soledad', '100 años de Soledad', 'Soledad, Realismo magico, incesto',
    'José Arcadio Buendía y Úrsula Iguarán son un matrimonio de primos que se casaron llenos de presagios y temores por su parentesco y el mito existente en la región de que su descendencia podía tener cola de cerdo. En una pelea de gallos en la que resultó muerto el animal de Prudencio Aguilar, este, enardecido por la derrota, le gritó a José Arcadio Buendía, dueño del vencedor: «A ver si ese gallo le hace el favor a tu mujer», ya que la gente del pueblo sospechaba que José Arcadio y Úrsula no habían tenido relaciones en un año de matrimonio (por el miedo de Úrsula de que la descendencia naciera con cola de cerdo).'
    , 471, '01-01-1982', 'Gabriel Garcia Marquez', null, 6);

INSERT INTO sjl_generos_libros(
	id_gen, id_lib)
	VALUES (1, 89986);

INSERT INTO sjl_generos_libros(
	id_gen, id_lib)
	VALUES (5, 89986);

INSERT INTO sjl_estructuras_libros(
	id_lib, nom, tipo, titulo)
	VALUES (89986, 'I', 'C', null);

INSERT INTO sjl_secciones_libros(
	nom, num, titulo, id_est, id_lib)
	VALUES ('I', 1, null, (
        SELECT id from sjl_estructuras_libros WHERE nom = 'I' AND id_lib = 89986
    ), 89986);

INSERT INTO sjl_libros(
	isbn, titulo_esp, titulo_ori, tema_princ, sinop, n_pag, fec_pub, autor, id_prev, id_edit)
	VALUES (58992, '1984', '1984', 'Estado vigilante, derechos humanos, libertad intelectual, totalitarismo y distopía',
    'El personaje principal de la novela es Winston Smith, que trabaja en el Ministerio de la Verdad. Su cometido es reescribir la historia, ironizando así el ideal declarado en el nombre del Ministerio. Tras años trabajando para dicho Ministerio, Winston Smith se va volviendo consciente de que los retoques de la historia en los que consiste su trabajo son solo una parte de la gran farsa en la que se basa su gobierno, y descubre la falsedad intencionada de todas las informaciones procedentes del Partido Único. En su ansia de evadir la omnipresente vigilancia del Gran Hermano (que llega inclusive a todas las casas) encuentra el amor de una joven rebelde llamada Julia, también desengañada del sistema político; ambos encarnan así una resistencia de dos contra una sociedad que se vigila a sí misma.',
    326, '01-01-1948', 'George Orwell', null, 50);
INSERT INTO sjl_generos_libros(
	id_gen, id_lib)
	VALUES (1, 58992);

INSERT INTO sjl_generos_libros(
	id_gen, id_lib)
	VALUES (24, 58992);

INSERT INTO sjl_estructuras_libros(
	id_lib, nom, tipo, titulo)
	VALUES (58992, 'Parte 1', 'C', null);

INSERT INTO sjl_secciones_libros(
	nom, num, titulo, id_est, id_lib)
	VALUES ('Capitulo 1', 1, null, (
        SELECT id from sjl_estructuras_libros WHERE nom = 'Parte 1' AND id_lib = 58992
    ), 58992);

INSERT INTO sjl_secciones_libros(
	nom, num, titulo, id_est, id_lib)
	VALUES ('Capitulo 2', 2, null, (
        SELECT id from sjl_estructuras_libros WHERE nom = 'Parte 1' AND id_lib = 58992
    ), 58992);

INSERT INTO sjl_secciones_libros(
	nom, num, titulo, id_est, id_lib)
	VALUES ('Capitulo 3', 3, null, (
        SELECT id from sjl_estructuras_libros WHERE nom = 'Parte 1' AND id_lib = 58992
    ), 58992);

INSERT INTO sjl_libros(
	isbn, titulo_esp, titulo_ori, tema_princ, sinop, n_pag, fec_pub, autor, id_prev, id_edit)
	VALUES (87515, 'La rebelión en la granja', 'Animal Farm', 'Totalitarismo y distopia',
    'Los animales de la Granja Solariega, alentados un día por el Viejo Mayor, un cerdo que antes de morir les explicó a todos sus ideas, llevan a cabo una revolución en la que consiguen expulsar al granjero Howard Jones y crear sus propias reglas (los Siete Mandamientos)', 
    122, '08-17-1945', 'George Orwell', null, 17);

INSERT INTO sjl_generos_libros(
	id_gen, id_lib)
	VALUES (1, 87515);

INSERT INTO sjl_generos_libros(
	id_gen, id_lib)
	VALUES (24, 87515);
    

INSERT INTO sjl_libros(
	isbn, titulo_esp, titulo_ori, tema_princ, sinop, n_pag, fec_pub, autor, id_prev, id_edit)
	VALUES (48915, 'Un mundo feliz', 'Brave New World', 'Distopia', 'La novela comienza con un grupo de estudiantes que visitan la central de condicionamiento de Londres, donde un científico les muestra la técnica de la reproducción artificial. Por medio de ella comprenden que la organización de la sociedad es determinada desde el nacimiento. El estado mundial manipula la reproducción para garantizar personas perfectamente adaptadas a su posición social, designados con letras del alfabeto griego desde los Alfa, destinados a la dirigencia, hasta los Épsilon, diseñados para las tareas más peligrosas y repetitivas. Esta planificación de tipo genética se complementa mediante el condicionamiento por medio de la hipnopedia, la enseñanza durante el sueño, que inculca consignas y la educación.',
    256, '01-01-1932', 'Aldous Huxley', null , 50);

INSERT INTO sjl_generos_libros(
	id_gen, id_lib)
	VALUES (1, 48915);

INSERT INTO sjl_generos_libros(
	id_gen, id_lib)
	VALUES (25, 48915);

INSERT INTO sjl_libros(
	isbn, titulo_esp, titulo_ori, tema_princ, sinop, n_pag, fec_pub, autor, id_prev, id_edit)
	VALUES (98564, 'El viejo y el mar', 'The Old Man and the Sea', 'Muerte, lealtad, lucha contra la adversidad, constancia y valentia',
    'La obra se desarrolla en el Gulf Stream - Habana, cuyo protagonista es Santiago, aunque todo el mundo lo llama El viejo. Santiago es un pescador de avanzada edad, que lleva 84 días sin conseguir pesca alguna. Un buen día por la mañana, decide salir solo al mar, donde por fin, un enorme marlín (pez vela similar al pez espada) pica el anzuelo no sin dar batalla antes de ser capturado definitivamente.',
    127, '03-15-1953', 'Ernest Hemingway', null, 18);

INSERT INTO sjl_generos_libros(
	id_gen, id_lib)
	VALUES (1, 98564);

INSERT INTO sjl_generos_libros(
	id_gen, id_lib)
	VALUES (26, 98564);

INSERT INTO sjl_libros(
	isbn, titulo_esp, titulo_ori, tema_princ, sinop, n_pag, fec_pub, autor, id_prev, id_edit)
	VALUES (55210, 'Historia de dos ciudades', 'A Tale of Two Cities', 'Critica social',
    'La novela comienza con la joven Lucía Manette que, junto al señor Lorry (antiguo empleado de su padre), rescata a su padre a quien creía muerto y lo lleva a vivir a Inglaterra, tras pasar 18 años recluido y olvidado en la prisión de la Bastilla, donde fue encerrado en el calabozo 105 de la torre norte por la sanguinaria familia de los Saint Evremont.',
    526, '11-26-1859', 'Charles Dickens', null, 19);

INSERT INTO sjl_generos_libros(
	id_gen, id_lib)
	VALUES (1, 55210);

INSERT INTO sjl_generos_libros(
	id_gen, id_lib)
	VALUES (24, 55210);

INSERT INTO sjl_libros(
	isbn, titulo_esp, titulo_ori, tema_princ, sinop, n_pag, fec_pub, autor, id_prev, id_edit)
	VALUES (55200, 'Crimen y castigo', 'Преступле́ние и наказа́ние', 'Asesinato y angustia',
    'La historia narra la vida de Rodión Raskólnikov, un estudiante en la capital de la Rusia Imperial, San Petersburgo. Este joven se ve obligado a suspender sus estudios por la miseria en la cual se ve envuelto, a pesar de los esfuerzos realizados por su madre Pulqueria y su hermana Dunia para enviarle dinero. Necesitado de financiación para pagar sus gastos, había recurrido a una anciana prestamista vil y egoísta, en cuya casa empeña algunos objetos de valor.',
    426, '01-01-1866', 'Fiodor Dostoyevski', null, 50);

INSERT INTO sjl_generos_libros(
	id_gen, id_lib)
	VALUES (1, 55200);

INSERT INTO sjl_generos_libros(
	id_gen, id_lib)
	VALUES (27, 55200);

INSERT INTO sjl_libros(
	isbn, titulo_esp, titulo_ori, tema_princ, sinop, n_pag, fec_pub, autor, id_prev, id_edit)
	VALUES (27136, 'Orgullo y prejuicio', 'Pride and Prejudice', 'Conocimiento de si mismo, felicidad, feminidad',
    'En el centro de esta sociedad se encuentra la familia Bennet, con sus cinco hijas casaderas, de entre quince y veintitrés años (de mayor a menor: Jane, Elizabeth, Mary, Catherine y Lydia). La señora Bennet ve el matrimonio como la única esperanza para sus hijas, pues tras la muerte del señor Bennet las jóvenes quedarán abandonadas a su suerte cuando William Collins, primo de las muchachas, herede todo debido a que la propiedad forma parte de un mayorazgo del que es beneficiario.',
    569, '01-28-1953', 'Jane Austen', null, 20);
INSERT INTO sjl_generos_libros(
	id_gen, id_lib)
	VALUES (1, 27136);

INSERT INTO sjl_generos_libros(
	id_gen, id_lib)
	VALUES (28, 27136);

INSERT INTO sjl_libros(
	isbn, titulo_esp, titulo_ori, tema_princ, sinop, n_pag, fec_pub, autor, id_prev, id_edit)
	VALUES (58892, 'El gran Gatsby', 'The Great Gatsby', 'Sarah Churchwell comprende El gran Gatsby como una "advertencia de lo decrépito del sueño americano."',
    'Los principales acontecimientos de la novela se llevan a cabo en el verano de 1922. Nick Carraway, un nativo del Medio Oeste y graduado de Yale, veterano de la Primera Guerra Mundial -que sirve como narrador de la novela- acepta un trabajo en Nueva York como vendedor. Alquila una pequeña casa en Long Island, en el pueblo (ficticio) de West Egg, al lado de la lujosa mansión de Jay Gatsby, un misterioso millonario que organiza fiestas extravagantes, pero no participa en ellas.',
    218, '04-10-1925','F. Scott Fitzgerald', null, 18);

INSERT INTO sjl_generos_libros(
	id_gen, id_lib)
	VALUES (1, 58892);

INSERT INTO sjl_generos_libros(
	id_gen, id_lib)
	VALUES (25, 58892);

INSERT INTO sjl_libros(
	isbn, titulo_esp, titulo_ori, tema_princ, sinop, n_pag, fec_pub, autor, id_prev, id_edit)
	VALUES (68489, 'Ana Karenina', 'Áнна Карéнина', 'Critica social',
    'Al comienzo de la primera parte, el príncipe Stepán Arkádievich Oblonsky («Stiva»), personaje principal y alto funcionario que ha sido infiel a su mujer Darya Aleksándrovna («Dolly»), llama a su hermana, Anna Karénina, que reside en San Petersburgo, para que convenza a Dolly de que no lo abandone.',
    966, '01-01-1877', 'Leon Tolstoi', null, 21);

INSERT INTO sjl_generos_libros(
	id_gen, id_lib)
	VALUES (1, 68489);

INSERT INTO sjl_generos_libros(
	id_gen, id_lib)
	VALUES (28, 68489);

/*----------------------------------------- MEMBERS -----------------------------------------------------*/

INSERT INTO sjl_lectores(
	doc_iden, nom1, nom2, ape1, ape2, fec_nac, genero, id_club, id_grup, id_calle, id_rep, id_rep_lec, id_nac)
	VALUES (12345, 'Lucia', 'Isabel', 'Cardoso', 'Militao', '08-08-1960', 'F', 1, null, 2, null, null, 5);

INSERT INTO sjl_telefonos(
	cod_pais, cod_area, num, id_lector)
	VALUES (123, 456, 45678941, 12345);

INSERT INTO sjl_membresias(
	fec_i, id_lec, id_club, estatus, fec_f, motivo_b)
	VALUES ('08-01-2008', 12345, 1, 'A', null, null);

INSERT INTO sjl_historicos_pagos_memb(
	id, id_fec_mem, id_club, id_lec, fec_emi)
	VALUES (1, '08-01-2008', 1, 12345, '08-01-2008');

INSERT INTO sjl_lista_favoritos(
	id_lec, id_lib, pref)
	VALUES (12345, 55200, 1);

INSERT INTO sjl_lista_favoritos(
	id_lec, id_lib, pref)
	VALUES (12345, 27136, 3);

INSERT INTO sjl_lista_favoritos(
	id_lec, id_lib, pref)
	VALUES (12345, 99876, 2);

/* Members */

INSERT INTO sjl_lectores(
	doc_iden, nom1, nom2, ape1, ape2, fec_nac, genero, id_club, id_grup, id_calle, id_rep, id_rep_lec, id_nac)
	VALUES (78965, 'Frank', null, 'Hesse', 'Q', '08-01-1999', 'M', 1, null, 2, null, null, 4);

INSERT INTO sjl_telefonos(
	cod_pais, cod_area, num, id_lector)
	VALUES (785, 456, 45678941, 78965);

INSERT INTO sjl_membresias(
	fec_i, id_lec, id_club, estatus, fec_f, motivo_b)
	VALUES ('06-06-2017', 78965, 1, 'A', null, null);

INSERT INTO sjl_historicos_pagos_memb(
	id, id_fec_mem, id_club, id_lec, fec_emi)
	VALUES (2, '06-06-2017', 1, 78965, '06-06-2017');

INSERT INTO sjl_lista_favoritos(
	id_lec, id_lib, pref)
	VALUES (78965, 58992, 1);

INSERT INTO sjl_lista_favoritos(
	id_lec, id_lib, pref)
	VALUES (78965, 27136, 3);

INSERT INTO sjl_lista_favoritos(
	id_lec, id_lib, pref)
	VALUES (78965, 79561, 2);

/* Members */

INSERT INTO sjl_lectores(
	doc_iden, nom1, nom2, ape1, ape2, fec_nac, genero, id_club, id_grup, id_calle, id_rep, id_rep_lec, id_nac)
	VALUES (5521, 'Leo', null, 'Barnes', 'L', '08-17-1999', 'M', 1, null, 2, null, null, 2);

INSERT INTO sjl_telefonos(
	cod_pais, cod_area, num, id_lector)
	VALUES (785, 456, 45678941, 5521);

INSERT INTO sjl_membresias(
	fec_i, id_lec, id_club, estatus, fec_f, motivo_b)
	VALUES ('02-06-2018', 5521, 1, 'A', null, null);

INSERT INTO sjl_historicos_pagos_memb(
	id, id_fec_mem, id_club, id_lec, fec_emi)
	VALUES (3, '02-06-2018', 1, 5521, '02-06-2018');

INSERT INTO sjl_lista_favoritos(
	id_lec, id_lib, pref)
	VALUES (5521, 98564, 1);

INSERT INTO sjl_lista_favoritos(
	id_lec, id_lib, pref)
	VALUES (5521, 27136, 3);

INSERT INTO sjl_lista_favoritos(
	id_lec, id_lib, pref)
	VALUES (5521, 89986, 2);

/* Members with group */

INSERT INTO sjl_lectores(
	doc_iden, nom1, nom2, ape1, ape2, fec_nac, genero, id_club, id_grup, id_calle, id_rep, id_rep_lec, id_nac)
	VALUES (4521, 'John', null, 'Meyer', 'L', '01-21-1999', 'M', 1, 1, 2, null, null, 2);

INSERT INTO sjl_telefonos(
	cod_pais, cod_area, num, id_lector)
	VALUES (785, 456, 225698, 4521);

INSERT INTO sjl_membresias(
	fec_i, id_lec, id_club, estatus, fec_f, motivo_b)
	VALUES ('02-06-2018', 4521, 1, 'A', null, null);

INSERT INTO sjl_historicos_pagos_memb(
	id, id_fec_mem, id_club, id_lec, fec_emi)
	VALUES (4, '02-06-2018', 1, 4521, '02-06-2018');

INSERT INTO sjl_grupos_lectores(
	id_fec_i, id_fec_mem, id_club, id_lec, id_grupo, fec_f)
	VALUES ('03-06-2018', '02-06-2018', 1, 4521, 1, null);

/* Members with group */

INSERT INTO sjl_lectores(
	doc_iden, nom1, nom2, ape1, ape2, fec_nac, genero, id_club, id_grup, id_calle, id_rep, id_rep_lec, id_nac)
	VALUES (6652, 'Jhon', null, 'Anderson', 'L', '01-14-1999', 'M', 1, 1, 3, null, null, 7);

INSERT INTO sjl_telefonos(
	cod_pais, cod_area, num, id_lector)
	VALUES (52, 8854, 5558, 6652);

INSERT INTO sjl_membresias(
	fec_i, id_lec, id_club, estatus, fec_f, motivo_b)
	VALUES ('04-01-2016', 6652, 1, 'A', null, null);

INSERT INTO sjl_historicos_pagos_memb(
	id, id_fec_mem, id_club, id_lec, fec_emi)
	VALUES (5, '04-01-2016', 1, 6652, '04-01-2016');

INSERT INTO sjl_grupos_lectores(
	id_fec_i, id_fec_mem, id_club, id_lec, id_grupo, fec_f)
	VALUES ('04-01-2016', '04-01-2016', 1, 6652, 1, null);

/* Members with group */

INSERT INTO sjl_lectores(
	doc_iden, nom1, nom2, ape1, ape2, fec_nac, genero, id_club, id_grup, id_calle, id_rep, id_rep_lec, id_nac)
	VALUES (8962, 'Samuel', null, 'Parris', 'L', '03-14-1997', 'M', 1, 1, 1, null, null, 8);

INSERT INTO sjl_telefonos(
	cod_pais, cod_area, num, id_lector)
	VALUES (58, 414, 598256, 8962);

INSERT INTO sjl_membresias(
	fec_i, id_lec, id_club, estatus, fec_f, motivo_b)
	VALUES ('04-08-2019', 8962, 1, 'A', null, null);

INSERT INTO sjl_historicos_pagos_memb(
	id, id_fec_mem, id_club, id_lec, fec_emi)
	VALUES (6, '04-08-2019', 1, 8962, '04-08-2019');

INSERT INTO sjl_grupos_lectores(
	id_fec_i, id_fec_mem, id_club, id_lec, id_grupo, fec_f)
	VALUES ('04-08-2019', '04-08-2019', 1, 8962, 1, null);

/* Members with group */

INSERT INTO sjl_lectores(
	doc_iden, nom1, nom2, ape1, ape2, fec_nac, genero, id_club, id_grup, id_calle, id_rep, id_rep_lec, id_nac)
	VALUES (5871, 'Fernando', null, 'Lopez', 'L', '07-11-1996', 'M', 1, 1, 1, null, null, 6);

INSERT INTO sjl_telefonos(
	cod_pais, cod_area, num, id_lector)
	VALUES (47, 5583, 58963, 5871);

INSERT INTO sjl_membresias(
	fec_i, id_lec, id_club, estatus, fec_f, motivo_b)
	VALUES ('02-02-2006', 5871, 1, 'A', null, null);

INSERT INTO sjl_historicos_pagos_memb(
	id, id_fec_mem, id_club, id_lec, fec_emi)
	VALUES (7, '02-02-2006', 1, 5871, '02-02-2006');

INSERT INTO sjl_grupos_lectores(
	id_fec_i, id_fec_mem, id_club, id_lec, id_grupo, fec_f)
	VALUES ('02-02-2006', '02-02-2006', 1, 5871, 1, null);


/* Members with group */

INSERT INTO sjl_lectores(
	doc_iden, nom1, nom2, ape1, ape2, fec_nac, genero, id_club, id_grup, id_calle, id_rep, id_rep_lec, id_nac)
	VALUES (9987, 'Jordano', null, 'Diaz', 'C', '04-17-1980', 'M', 1, 1, 1, null, null, 1);

INSERT INTO sjl_telefonos(
	cod_pais, cod_area, num, id_lector)
	VALUES (56, 5521, 558892, 9987);

INSERT INTO sjl_membresias(
	fec_i, id_lec, id_club, estatus, fec_f, motivo_b)
	VALUES ('07-01-2011', 9987, 1, 'A', null, null);

INSERT INTO sjl_historicos_pagos_memb(
	id, id_fec_mem, id_club, id_lec, fec_emi)
	VALUES (8, '07-01-2011', 1, 9987, '07-01-2011');

INSERT INTO sjl_grupos_lectores(
	id_fec_i, id_fec_mem, id_club, id_lec, id_grupo, fec_f)
	VALUES ('07-01-2011', '07-01-2011', 1, 9987, 1, null);

/* Members with group */

INSERT INTO sjl_lectores(
	doc_iden, nom1, nom2, ape1, ape2, fec_nac, genero, id_club, id_grup, id_calle, id_rep, id_rep_lec, id_nac)
	VALUES (6661, 'Kibutsuji', null, 'Muzan', 'C', '01-20-1910', 'M', 1, 1, 1, null, null, 9);

INSERT INTO sjl_telefonos(
	cod_pais, cod_area, num, id_lector)
	VALUES (32, 754, 69892, 6661);

INSERT INTO sjl_membresias(
	fec_i, id_lec, id_club, estatus, fec_f, motivo_b)
	VALUES ('04-04-2004', 6661, 1, 'A', null, null);

INSERT INTO sjl_historicos_pagos_memb(
	id, id_fec_mem, id_club, id_lec, fec_emi)
	VALUES (9, '04-04-2004', 1, 6661, '04-04-2004');

INSERT INTO sjl_grupos_lectores(
	id_fec_i, id_fec_mem, id_club, id_lec, id_grupo, fec_f)
	VALUES ('04-04-2004', '04-04-2004', 1, 6661, 1, null);

/* Members with group */

INSERT INTO sjl_lectores(
	doc_iden, nom1, nom2, ape1, ape2, fec_nac, genero, id_club, id_grup, id_calle, id_rep, id_rep_lec, id_nac)
	VALUES (8743, 'Terrance', null, 'Mephesto', 'C', '01-20-1997', 'M', 1, 1, 1, null, null, 5);

INSERT INTO sjl_telefonos(
	cod_pais, cod_area, num, id_lector)
	VALUES (41, 521, 25487, 8743);

INSERT INTO sjl_membresias(
	fec_i, id_lec, id_club, estatus, fec_f, motivo_b)
	VALUES ('04-04-2014', 8743, 1, 'A', null, null);

INSERT INTO sjl_historicos_pagos_memb(
	id, id_fec_mem, id_club, id_lec, fec_emi)
	VALUES (10, '04-04-2014', 1, 8743, '04-04-2014');

INSERT INTO sjl_grupos_lectores(
	id_fec_i, id_fec_mem, id_club, id_lec, id_grupo, fec_f)
	VALUES ('04-04-2014', '04-04-2014', 1, 8743, 1, null);

/* Members with group */

INSERT INTO sjl_lectores(
	doc_iden, nom1, nom2, ape1, ape2, fec_nac, genero, id_club, id_grup, id_calle, id_rep, id_rep_lec, id_nac)
	VALUES (4141, 'Clyde', null, 'Donnovan', 'C', '03-10-1998', 'M', 1, 1, 1, null, null, 1);

INSERT INTO sjl_telefonos(
	cod_pais, cod_area, num, id_lector)
	VALUES (41, 588, 646266, 4141);

INSERT INTO sjl_membresias(
	fec_i, id_lec, id_club, estatus, fec_f, motivo_b)
	VALUES ('03-06-2019', 4141, 1, 'A', null, null);

INSERT INTO sjl_historicos_pagos_memb(
	id, id_fec_mem, id_club, id_lec, fec_emi)
	VALUES (11, '03-06-2019', 1, 4141, '03-06-2019');

INSERT INTO sjl_grupos_lectores(
	id_fec_i, id_fec_mem, id_club, id_lec, id_grupo, fec_f)
	VALUES ('03-06-2019', '03-06-2019', 1, 4141, 1, null);

/* Members with group */

INSERT INTO sjl_lectores(
	doc_iden, nom1, nom2, ape1, ape2, fec_nac, genero, id_club, id_grup, id_calle, id_rep, id_rep_lec, id_nac)
	VALUES (5616, 'Andrew', null, 'Miller', 'A', '07-11-1999', 'M', 1, 1, 1, null, null, 10);

INSERT INTO sjl_telefonos(
	cod_pais, cod_area, num, id_lector)
	VALUES (25, 86, 65160, 5616);

INSERT INTO sjl_membresias(
	fec_i, id_lec, id_club, estatus, fec_f, motivo_b)
	VALUES ('03-26-2019', 5616, 1, 'A', null, null);

INSERT INTO sjl_historicos_pagos_memb(
	id, id_fec_mem, id_club, id_lec, fec_emi)
	VALUES (12, '03-26-2019', 1, 5616, '03-26-2019');

INSERT INTO sjl_grupos_lectores(
	id_fec_i, id_fec_mem, id_club, id_lec, id_grupo, fec_f)
	VALUES ('03-26-2019', '03-26-2019', 1, 5616, 1, null);

/* Members with group */

INSERT INTO sjl_lectores(
	doc_iden, nom1, nom2, ape1, ape2, fec_nac, genero, id_club, id_grup, id_calle, id_rep, id_rep_lec, id_nac)
	VALUES (1414, 'Omar', null, 'Hernandez', 'A', '02-11-1969', 'M', 1, 1, 1, null, null, 18);

INSERT INTO sjl_telefonos(
	cod_pais, cod_area, num, id_lector)
	VALUES (58, 424, 125, 5616);

INSERT INTO sjl_membresias(
	fec_i, id_lec, id_club, estatus, fec_f, motivo_b)
	VALUES ('03-05-2015', 1414, 1, 'A', null, null);

INSERT INTO sjl_historicos_pagos_memb(
	id, id_fec_mem, id_club, id_lec, fec_emi)
	VALUES (13, '03-05-2015', 1, 1414, '03-05-2015');

INSERT INTO sjl_grupos_lectores(
	id_fec_i, id_fec_mem, id_club, id_lec, id_grupo, fec_f)
	VALUES ('03-05-2015', '03-05-2015', 1, 1414, 1, null);


/* Members with group */

INSERT INTO sjl_lectores(
	doc_iden, nom1, nom2, ape1, ape2, fec_nac, genero, id_club, id_grup, id_calle, id_rep, id_rep_lec, id_nac)
	VALUES (9875, 'Gregg', null, 'Spinetti', 'A', '02-13-1999', 'M', 1, 1, 1, null, null, 18);

INSERT INTO sjl_telefonos(
	cod_pais, cod_area, num, id_lector)
	VALUES (98, 525, 055, 9875);

INSERT INTO sjl_membresias(
	fec_i, id_lec, id_club, estatus, fec_f, motivo_b)
	VALUES ('03-05-2019', 9875, 1, 'A', null, null);

INSERT INTO sjl_historicos_pagos_memb(
	id, id_fec_mem, id_club, id_lec, fec_emi)
	VALUES (14, '03-05-2019', 1, 9875, '03-05-2019');

INSERT INTO sjl_grupos_lectores(
	id_fec_i, id_fec_mem, id_club, id_lec, id_grupo, fec_f)
	VALUES ('03-05-2019', '03-05-2019', 1, 9875, 1, null);

/* Members with group */

INSERT INTO sjl_lectores(
	doc_iden, nom1, nom2, ape1, ape2, fec_nac, genero, id_club, id_grup, id_calle, id_rep, id_rep_lec, id_nac)
	VALUES (6653, 'Cristopher', null, 'Nolan', 'A', '02-11-1999', 'M', 1, 1, 1, null, null, 16);

INSERT INTO sjl_telefonos(
	cod_pais, cod_area, num, id_lector)
	VALUES (52, 885, 666688, 6653);

INSERT INTO sjl_membresias(
	fec_i, id_lec, id_club, estatus, fec_f, motivo_b)
	VALUES ('09-09-2019', 6653, 1, 'A', null, null);

INSERT INTO sjl_historicos_pagos_memb(
	id, id_fec_mem, id_club, id_lec, fec_emi)
	VALUES (15, '09-09-2019', 1, 6653, '09-09-2019');

INSERT INTO sjl_grupos_lectores(
	id_fec_i, id_fec_mem, id_club, id_lec, id_grupo, fec_f)
	VALUES ('09-09-2019', '09-09-2019', 1, 6653, 1, null);

/* Members with group */

INSERT INTO sjl_lectores(
	doc_iden, nom1, nom2, ape1, ape2, fec_nac, genero, id_club, id_grup, id_calle, id_rep, id_rep_lec, id_nac)
	VALUES (7777, 'Leopoldo', null, 'Vazquez', 'A', '03-20-1998', 'M', 1, 1, 1, null, null, 17);

INSERT INTO sjl_telefonos(
	cod_pais, cod_area, num, id_lector)
	VALUES (54, 587, 220545, 7777);

INSERT INTO sjl_membresias(
	fec_i, id_lec, id_club, estatus, fec_f, motivo_b)
	VALUES ('01-01-2019', 7777, 1, 'A', null, null);

INSERT INTO sjl_historicos_pagos_memb(
	id, id_fec_mem, id_club, id_lec, fec_emi)
	VALUES (16, '01-01-2019', 1, 7777, '01-01-2019');

INSERT INTO sjl_grupos_lectores(
	id_fec_i, id_fec_mem, id_club, id_lec, id_grupo, fec_f)
	VALUES ('01-01-2019', '01-01-2019', 1, 7777, 1, null);


/* Members with group */

INSERT INTO sjl_lectores(
	doc_iden, nom1, nom2, ape1, ape2, fec_nac, genero, id_club, id_grup, id_calle, id_rep, id_rep_lec, id_nac)
	VALUES (1010, 'Jhoel', null, 'Vazquez', 'A', '03-20-1999', 'M', 1, 1, 1, null, null, 17);

INSERT INTO sjl_telefonos(
	cod_pais, cod_area, num, id_lector)
	VALUES (54, 587, 25515, 1010);

INSERT INTO sjl_membresias(
	fec_i, id_lec, id_club, estatus, fec_f, motivo_b)
	VALUES ('01-01-2019', 1010, 1, 'A', null, null);

INSERT INTO sjl_historicos_pagos_memb(
	id, id_fec_mem, id_club, id_lec, fec_emi)
	VALUES (17, '01-01-2019', 1, 1010, '01-01-2019');

INSERT INTO sjl_grupos_lectores(
	id_fec_i, id_fec_mem, id_club, id_lec, id_grupo, fec_f)
	VALUES ('01-01-2019', '01-01-2019', 1, 1010, 1, null);


/* Members with group */

INSERT INTO sjl_lectores(
	doc_iden, nom1, nom2, ape1, ape2, fec_nac, genero, id_club, id_grup, id_calle, id_rep, id_rep_lec, id_nac)
	VALUES (1212, 'Jordy', null, 'Castillo', 'A', '07-19-1999', 'M', 1, 1, 1, null, null, 3);

INSERT INTO sjl_telefonos(
	cod_pais, cod_area, num, id_lector)
	VALUES (78, 5525, 22056, 1212);

INSERT INTO sjl_membresias(
	fec_i, id_lec, id_club, estatus, fec_f, motivo_b)
	VALUES ('01-19-2019', 1212, 1, 'A', null, null);

INSERT INTO sjl_historicos_pagos_memb(
	id, id_fec_mem, id_club, id_lec, fec_emi)
	VALUES (18, '01-19-2019', 1, 1212, '01-19-2019');

INSERT INTO sjl_grupos_lectores(
	id_fec_i, id_fec_mem, id_club, id_lec, id_grupo, fec_f)
	VALUES ('01-19-2019', '01-19-2019', 1, 1212, 1, null);

/* -------------------------------- KIDS ----------------------------------------------------- */

INSERT INTO sjl_lectores(
	doc_iden, nom1, nom2, ape1, ape2, fec_nac, genero, id_club, id_grup, id_calle, id_rep, id_rep_lec, id_nac)
	VALUES (1213, 'Austin', null, 'Morgan', 'A', '07-19-2006', 'M', 1, 2, 1, null, 1212, 9);

INSERT INTO sjl_telefonos(
	cod_pais, cod_area, num, id_lector)
	VALUES (98, 5457, 588448, 1213);

INSERT INTO sjl_membresias(
	fec_i, id_lec, id_club, estatus, fec_f, motivo_b)
	VALUES ('07-07-2019', 1213, 1, 'A', null, null);

INSERT INTO sjl_historicos_pagos_memb(
	id, id_fec_mem, id_club, id_lec, fec_emi)
	VALUES (19, '07-07-2019', 1, 1213, '07-07-2019');

INSERT INTO sjl_grupos_lectores(
	id_fec_i, id_fec_mem, id_club, id_lec, id_grupo, fec_f)
	VALUES ('07-07-2019', '07-07-2019', 1, 1213, 2, null);

/* Kid */
INSERT INTO sjl_lectores(
	doc_iden, nom1, nom2, ape1, ape2, fec_nac, genero, id_club, id_grup, id_calle, id_rep, id_rep_lec, id_nac)
	VALUES (8999, 'David', null, 'Guzman', 'A', '07-19-2010', 'M', 1, 2, 1, null, 4521, 18);

INSERT INTO sjl_telefonos(
	cod_pais, cod_area, num, id_lector)
	VALUES (54, 5022, 58542, 8999);

INSERT INTO sjl_membresias(
	fec_i, id_lec, id_club, estatus, fec_f, motivo_b)
	VALUES ('07-01-2019', 8999, 1, 'A', null, null);

INSERT INTO sjl_historicos_pagos_memb(
	id, id_fec_mem, id_club, id_lec, fec_emi)
	VALUES (20, '07-01-2019', 1, 8999, '07-07-2019');

INSERT INTO sjl_grupos_lectores(
	id_fec_i, id_fec_mem, id_club, id_lec, id_grupo, fec_f)
	VALUES ('07-01-2019', '07-01-2019', 1, 8999, 2, null);


/* Kid */
INSERT INTO sjl_lectores(
	doc_iden, nom1, nom2, ape1, ape2, fec_nac, genero, id_club, id_grup, id_calle, id_rep, id_rep_lec, id_nac)
	VALUES (7999, 'Gabriel', null, 'Guzman', 'A', '07-19-2010', 'M', 1, 2, 1, null, 4521, 17);

INSERT INTO sjl_telefonos(
	cod_pais, cod_area, num, id_lector)
	VALUES (54, 5022, 58542, 7999);

INSERT INTO sjl_membresias(
	fec_i, id_lec, id_club, estatus, fec_f, motivo_b)
	VALUES ('07-01-2019', 7999, 1, 'A', null, null);

INSERT INTO sjl_historicos_pagos_memb(
	id, id_fec_mem, id_club, id_lec, fec_emi)
	VALUES (21, '07-01-2019', 1, 7999, '07-07-2019');

INSERT INTO sjl_grupos_lectores(
	id_fec_i, id_fec_mem, id_club, id_lec, id_grupo, fec_f)
	VALUES ('07-01-2019', '07-01-2019', 1, 7999, 2, null);

/* Kid */
INSERT INTO sjl_lectores(
	doc_iden, nom1, nom2, ape1, ape2, fec_nac, genero, id_club, id_grup, id_calle, id_rep, id_rep_lec, id_nac)
	VALUES (0178, 'Bryan', null, 'Matos', 'A', '05-19-2012', 'M', 1, 2, 1, 49281, null, 17);

INSERT INTO sjl_telefonos(
	cod_pais, cod_area, num, id_lector)
	VALUES (54, 5022, 6543, 0178);

INSERT INTO sjl_membresias(
	fec_i, id_lec, id_club, estatus, fec_f, motivo_b)
	VALUES ('08-08-2019', 0178, 1, 'A', null, null);

INSERT INTO sjl_historicos_pagos_memb(
	id, id_fec_mem, id_club, id_lec, fec_emi)
	VALUES (22, '08-08-2019', 1, 0178, '08-08-2019');

INSERT INTO sjl_grupos_lectores(
	id_fec_i, id_fec_mem, id_club, id_lec, id_grupo, fec_f)
	VALUES ('08-08-2019', '08-08-2019', 1, 0178, 2, null);

/* Kid */
INSERT INTO sjl_lectores(
	doc_iden, nom1, nom2, ape1, ape2, fec_nac, genero, id_club, id_grup, id_calle, id_rep, id_rep_lec, id_nac)
	VALUES (0520, 'Piero', null, 'Vilchez', 'A', '05-19-2012', 'M', 1, 2, 1, 84288, null, 17);

INSERT INTO sjl_telefonos(
	cod_pais, cod_area, num, id_lector)
	VALUES (54, 0520, 6543, 0520);

INSERT INTO sjl_membresias(
	fec_i, id_lec, id_club, estatus, fec_f, motivo_b)
	VALUES ('08-08-2019', 0520, 1, 'A', null, null);

INSERT INTO sjl_historicos_pagos_memb(
	id, id_fec_mem, id_club, id_lec, fec_emi)
	VALUES (23, '08-08-2019', 1, 0520, '08-08-2019');

INSERT INTO sjl_grupos_lectores(
	id_fec_i, id_fec_mem, id_club, id_lec, id_grupo, fec_f)
	VALUES ('08-08-2019', '08-08-2019', 1, 0520, 2, null);

/* Kid */
INSERT INTO sjl_lectores(
	doc_iden, nom1, nom2, ape1, ape2, fec_nac, genero, id_club, id_grup, id_calle, id_rep, id_rep_lec, id_nac)
	VALUES (6768, 'Sarah', null, 'Wildes', 'A', '01-04-2011', 'F', 1, 2, 1, 83919, null, 17);

INSERT INTO sjl_telefonos(
	cod_pais, cod_area, num, id_lector)
	VALUES (54, 0520, 6543, 6768);

INSERT INTO sjl_membresias(
	fec_i, id_lec, id_club, estatus, fec_f, motivo_b)
	VALUES ('08-08-2019', 6768, 1, 'A', null, null);

INSERT INTO sjl_historicos_pagos_memb(
	id, id_fec_mem, id_club, id_lec, fec_emi)
	VALUES (24, '08-08-2019', 1, 6768, '08-08-2019');

INSERT INTO sjl_grupos_lectores(
	id_fec_i, id_fec_mem, id_club, id_lec, id_grupo, fec_f)
	VALUES ('08-08-2019', '08-08-2019', 1, 6768, 2, null);

/* Kid */
INSERT INTO sjl_lectores(
	doc_iden, nom1, nom2, ape1, ape2, fec_nac, genero, id_club, id_grup, id_calle, id_rep, id_rep_lec, id_nac)
	VALUES (1012, 'Anna', null, 'Wildes', 'A', '01-04-2011', 'F', 1, 2, 1, 18232, null, 17);

INSERT INTO sjl_telefonos(
	cod_pais, cod_area, num, id_lector)
	VALUES (54, 0520, 6543, 1012);

INSERT INTO sjl_membresias(
	fec_i, id_lec, id_club, estatus, fec_f, motivo_b)
	VALUES ('08-08-2019', 1012, 1, 'A', null, null);

INSERT INTO sjl_historicos_pagos_memb(
	id, id_fec_mem, id_club, id_lec, fec_emi)
	VALUES (25, '08-08-2019', 1, 1012, '08-08-2019');

INSERT INTO sjl_grupos_lectores(
	id_fec_i, id_fec_mem, id_club, id_lec, id_grupo, fec_f)
	VALUES ('08-08-2019', '08-08-2019', 1, 1012, 2, null);

/* Kid */
INSERT INTO sjl_lectores(
	doc_iden, nom1, nom2, ape1, ape2, fec_nac, genero, id_club, id_grup, id_calle, id_rep, id_rep_lec, id_nac)
	VALUES (1013, 'Melvin', null, 'Rodriguez', 'A', '01-17-2008', 'M', 1, 2, 1, 78212, null, 17);

INSERT INTO sjl_telefonos(
	cod_pais, cod_area, num, id_lector)
	VALUES (54, 526, 1012, 1013);

INSERT INTO sjl_membresias(
	fec_i, id_lec, id_club, estatus, fec_f, motivo_b)
	VALUES ('08-14-2018', 1013, 1, 'A', null, null);

INSERT INTO sjl_historicos_pagos_memb(
	id, id_fec_mem, id_club, id_lec, fec_emi)
	VALUES (26, '08-14-2018', 1, 1013, '08-08-2019');

INSERT INTO sjl_grupos_lectores(
	id_fec_i, id_fec_mem, id_club, id_lec, id_grupo, fec_f)
	VALUES ('08-14-2018', '08-14-2018', 1, 1013, 2, null);

/* Kid */
INSERT INTO sjl_lectores(
	doc_iden, nom1, nom2, ape1, ape2, fec_nac, genero, id_club, id_grup, id_calle, id_rep, id_rep_lec, id_nac)
	VALUES (2015, 'Mike', null, 'Havenaar', 'A', '01-17-2008', 'M', 1, 2, 1, 48291, null, 20);

INSERT INTO sjl_telefonos(
	cod_pais, cod_area, num, id_lector)
	VALUES (66, 466, 889, 2015);

INSERT INTO sjl_membresias(
	fec_i, id_lec, id_club, estatus, fec_f, motivo_b)
	VALUES ('03-17-2018', 2015, 1, 'A', null, null);

INSERT INTO sjl_historicos_pagos_memb(
	id, id_fec_mem, id_club, id_lec, fec_emi)
	VALUES (27, '03-17-2018', 1, 2015, '03-17-2018');

INSERT INTO sjl_grupos_lectores(
	id_fec_i, id_fec_mem, id_club, id_lec, id_grupo, fec_f)
	VALUES ('03-17-2018', '03-17-2018', 1, 2015, 2, null);

/* Kid */
INSERT INTO sjl_lectores(
	doc_iden, nom1, nom2, ape1, ape2, fec_nac, genero, id_club, id_grup, id_calle, id_rep, id_rep_lec, id_nac)
	VALUES (1710, 'Louis', null, 'Poirot', 'A', '05-17-2009', 'M', 1, 2, 1, 48131, null, 20);

INSERT INTO sjl_telefonos(
	cod_pais, cod_area, num, id_lector)
	VALUES (669, 0556, 562, 1710);

INSERT INTO sjl_membresias(
	fec_i, id_lec, id_club, estatus, fec_f, motivo_b)
	VALUES ('03-17-2018', 1710, 1, 'A', null, null);

INSERT INTO sjl_historicos_pagos_memb(
	id, id_fec_mem, id_club, id_lec, fec_emi)
	VALUES (28, '03-17-2018', 1, 1710, '03-17-2018');

INSERT INTO sjl_grupos_lectores(
	id_fec_i, id_fec_mem, id_club, id_lec, id_grupo, fec_f)
	VALUES ('03-17-2018', '03-17-2018', 1, 1710, 2, null);

/* Kid */
INSERT INTO sjl_lectores(
	doc_iden, nom1, nom2, ape1, ape2, fec_nac, genero, id_club, id_grup, id_calle, id_rep, id_rep_lec, id_nac)
	VALUES (1111, 'Brittany', null, 'Jazz', 'A', '09-11-2007', 'M', 1, 2, 1, 78192, null, 20);

INSERT INTO sjl_telefonos(
	cod_pais, cod_area, num, id_lector)
	VALUES (669, 5620, 751, 1111);

INSERT INTO sjl_membresias(
	fec_i, id_lec, id_club, estatus, fec_f, motivo_b)
	VALUES ('03-17-2018', 1111, 1, 'A', null, null);

INSERT INTO sjl_historicos_pagos_memb(
	id, id_fec_mem, id_club, id_lec, fec_emi)
	VALUES (29, '03-17-2018', 1, 1111, '03-17-2018');

INSERT INTO sjl_grupos_lectores(
	id_fec_i, id_fec_mem, id_club, id_lec, id_grupo, fec_f)
	VALUES ('03-17-2018', '03-17-2018', 1, 1111, 2, null);

/*-------------------------------------- MEETINGS -----------------------------------------------------------*/

INSERT INTO sjl_reuniones_mensuales(
	fec, id_lib, id_grupo, id_grupo_mod, id_fec_mem, id_fec_i, id_club, id_lec, n_ses, conclu, valor)
	VALUES ('01-15-2019', 58892, 1, 1, '04-01-2016', '04-01-2016', 1, 6652, 1, null, null);

INSERT INTO sjl_inansistencias(
	id_fec_i, id_fec_mem, id_club, id_lec, id_grupo, fec_reu_men, id_lib)
	VALUES ('07-01-2011', '07-01-2011', 1, 9987, 1, '01-15-2019', 58892);

INSERT INTO sjl_inansistencias(
	id_fec_i, id_fec_mem, id_club, id_lec, id_grupo, fec_reu_men, id_lib)
	VALUES ('04-04-2004', '04-04-2004', 1, 6661, 1, '01-15-2019', 58892);

INSERT INTO sjl_inansistencias(
	id_fec_i, id_fec_mem, id_club, id_lec, id_grupo, fec_reu_men, id_lib)
	VALUES ('03-06-2019', '03-06-2019', 1, 4141, 1, '01-15-2019', 58892);

INSERT INTO sjl_inansistencias(
	id_fec_i, id_fec_mem, id_club, id_lec, id_grupo, fec_reu_men, id_lib)
	VALUES ('03-26-2019', '03-26-2019', 1, 5616, 1, '01-15-2019', 58892);

INSERT INTO sjl_reuniones_mensuales(
	fec, id_lib, id_grupo, id_grupo_mod, id_fec_mem, id_fec_i, id_club, id_lec, n_ses, conclu, valor)
	VALUES ('01-22-2019', 58892, 1, 1, '04-01-2016', '04-01-2016', 1, 6652, 2, null, null);

INSERT INTO sjl_inansistencias(
	id_fec_i, id_fec_mem, id_club, id_lec, id_grupo, fec_reu_men, id_lib)
	VALUES ('03-26-2019', '03-26-2019', 1, 5616, 1, '01-22-2019', 58892);

INSERT INTO sjl_inansistencias(
	id_fec_i, id_fec_mem, id_club, id_lec, id_grupo, fec_reu_men, id_lib)
	VALUES ('03-05-2019', '03-05-2019', 1, 9875, 1, '01-22-2019', 58892);

INSERT INTO sjl_reuniones_mensuales(
	fec, id_lib, id_grupo, id_grupo_mod, id_fec_mem, id_fec_i, id_club, id_lec, n_ses, conclu, valor)
	VALUES ('01-29-2019', 58892, 1, 1, '04-01-2016', '04-01-2016', 1, 6652, 3, 'Difícil de digerir', 3);

INSERT INTO sjl_inansistencias(
	id_fec_i, id_fec_mem, id_club, id_lec, id_grupo, fec_reu_men, id_lib)
	VALUES ('01-19-2019', '01-19-2019', 1, 1212, 1, '01-29-2019', 58892);

INSERT INTO sjl_inansistencias(
	id_fec_i, id_fec_mem, id_club, id_lec, id_grupo, fec_reu_men, id_lib)
	VALUES ('04-08-2019', '04-08-2019', 1, 8962, 1, '01-29-2019', 58892);

INSERT INTO sjl_inansistencias(
	id_fec_i, id_fec_mem, id_club, id_lec, id_grupo, fec_reu_men, id_lib)
	VALUES ('04-01-2016', '04-01-2016', 1, 6652, 1, '01-29-2019', 58892);

INSERT INTO sjl_reuniones_mensuales(
	fec, id_lib, id_grupo, id_grupo_mod, id_fec_mem, id_fec_i, id_club, id_lec, n_ses, conclu, valor)
	VALUES ('02-05-2019', 02145, 1, 1, '01-01-2019', '01-01-2019', 1, 7777, 1, null, null);

INSERT INTO sjl_reuniones_mensuales(
	fec, id_lib, id_grupo, id_grupo_mod, id_fec_mem, id_fec_i, id_club, id_lec, n_ses, conclu, valor)
	VALUES ('02-12-2019', 02145, 1, 1, '01-01-2019', '01-01-2019', 1, 7777, 2, null, null);

INSERT INTO sjl_reuniones_mensuales(
	fec, id_lib, id_grupo, id_grupo_mod, id_fec_mem, id_fec_i, id_club, id_lec, n_ses, conclu, valor)
	VALUES ('02-19-2019', 02145, 1, 1, '01-01-2019', '01-01-2019', 1, 7777, 1, 'Mediocre', 2);

INSERT INTO sjl_reuniones_mensuales(
	fec, id_lib, id_grupo, id_grupo_mod, id_fec_mem, id_fec_i, id_club, id_lec, n_ses, conclu, valor)
	VALUES ('04-03-2019', 99876, 2, 1, '03-26-2019', '03-26-2019', 1, 5616, 1, null, null);

INSERT INTO sjl_reuniones_mensuales(
	fec, id_lib, id_grupo, id_grupo_mod, id_fec_mem, id_fec_i, id_club, id_lec, n_ses, conclu, valor)
	VALUES ('04-10-2019', 99876, 2, 1, '03-26-2019', '03-26-2019', 1, 5616, 2, 'Muy bueno', 5);